month,day,year,packet_retransmit_rate,packet_retransmit_rate_n,minimum_rtt,minimum_rtt_n,average_rtt,average_rtt_n,download_throughput,download_throughput_n,upload_throughput,upload_throughput_n
1,1,2012,0.007375,33,43,33,139.5,33,13.97,33,4.165,101
1,2,2012,0.007562,41,45,41,157.5,41,5.904,41,4.005,119
1,3,2012,0.007496,51,48,51,163.6,51,6.328,51,2.629,106
1,4,2012,0.004243,42,34.5,42,146.7,42,7.028,42,4.001,92
1,5,2012,0.003659,55,41,55,106.5,55,10.92,55,2.49,97
1,6,2012,0.005984,32,39,32,101,32,13.57,32,1.471,112
1,7,2012,0.006808,40,39.5,40,138.6,40,8.94,40,0.6206,115
1,8,2012,0.008086,49,37,49,97.91,49,17.23,49,3.199,115
1,9,2012,0.007246,29,27,29,125.3,29,13.07,29,3.939,74
1,10,2012,0.008059,36,48.5,36,137.9,36,18.36,36,4.607,85
1,11,2012,0.003814,33,36,33,127.2,33,7.984,33,1.885,101
1,12,2012,0.003121,41,19,41,91.43,41,9.738,41,1.486,100
1,13,2012,0.004322,39,34,39,90.5,39,18.37,39,3.555,110
1,14,2012,0.003343,60,33.5,60,100.2,60,6.169,60,1.559,112
1,15,2012,0.001701,74,31.5,74,93.31,74,6.809,74,1.823,116
1,16,2012,0.002973,72,23,72,82.09,72,9.395,72,3.64,115
1,17,2012,0.001908,51,22,51,63.21,51,9.726,51,1.979,99
1,18,2012,0.001937,48,34,48,112,48,7.54,48,1.335,101
1,19,2012,0.009105,46,39.5,46,142.7,46,4.622,46,0.9625,119
1,20,2012,0.0033,29,50,29,161.3,29,13.65,29,3.93,89
1,21,2012,0.007316,54,37,54,136.5,54,5.298,54,1.164,121
1,22,2012,0.007355,40,51.5,40,148.9,40,6.744,40,0.6199,129
1,23,2012,0.005976,52,39.5,52,156.3,52,13.32,52,1.883,122
1,24,2012,0.006034,30,34,30,118.8,30,13.84,30,3.519,91
1,25,2012,0.007502,48,46,48,128.9,48,9.315,48,2.897,104
1,26,2012,0.00536,38,32.5,38,91.43,38,13.45,38,3.96,97
1,27,2012,0.007256,38,38,38,149,38,7.817,38,0.7145,92
1,28,2012,0.006244,46,45,46,139.4,46,8.773,46,0.8141,124
1,29,2012,0.007179,47,33,47,127,47,8.903,47,3.453,111
1,30,2012,0.007861,41,45,41,137.6,41,15.12,41,1.114,96
1,31,2012,0.005237,31,28,31,76.12,31,11.35,31,2.024,82
2,1,2012,0.005437,41,44,41,132.1,41,16.92,41,4.369,97
2,2,2012,0.004575,35,31,35,101.5,35,15.25,35,4.016,83
2,3,2012,0.008298,38,29.5,38,146.3,38,4.744,38,0.8793,102
2,4,2012,0.007185,39,39,39,132.3,39,8.211,39,4.061,110
2,5,2012,0.008111,38,28,38,136.1,38,14.59,38,3.907,95
2,6,2012,0.006975,32,41,32,118.8,32,12.64,32,2.004,85
2,7,2012,0.002212,29,46,29,115.7,29,15.23,29,4.451,77
2,8,2012,0.007501,40,70,40,154.7,40,8.212,40,3.686,103
2,9,2012,0.00622,42,39,42,141.1,42,13.52,42,3.583,106
2,10,2012,0.004097,32,40.5,32,149.1,32,10.79,32,0.6231,90
2,11,2012,0.004299,46,50,46,129.6,46,10.05,46,1.257,112
2,12,2012,0.006448,49,36,49,111,49,14.32,49,2.704,126
2,13,2012,0.005706,37,46,37,123.4,37,18.19,37,4.073,105
2,14,2012,0.006219,39,47,39,162.4,39,18.39,39,2.062,100
2,15,2012,0.004646,30,26.5,30,126.5,30,19.74,30,4.244,84
2,16,2012,0.007361,34,51,34,156.3,34,19.55,34,4.399,103
2,17,2012,0.004362,35,32,36,130.2,36,15,36,3.828,89
2,18,2012,0.005423,42,22,43,78.29,43,14.44,43,0.768,121
2,19,2012,0.006061,47,58,47,140.9,47,14.18,47,1.805,119
2,20,2012,0.00383,44,34.5,44,154.8,44,7.237,44,1.372,111
2,21,2012,0.005738,37,28.5,38,139,38,14.31,38,1.087,119
2,22,2012,0.006386,25,46,25,135,25,14.96,25,1.442,95
2,23,2012,0.007923,40,41,40,137.7,40,13.63,40,3.769,101
2,24,2012,0.005487,35,35,37,106.6,37,9.192,37,3.473,97
2,25,2012,0.004509,42,43.5,42,125.2,42,14.12,42,3.796,98
2,26,2012,0.005404,46,16,47,77.47,47,11.19,47,3.981,126
2,27,2012,0.005445,36,33.5,38,130.3,38,13.51,38,4.097,102
2,28,2012,0.004805,45,46,46,118.9,46,14.19,46,1.28,104
2,29,2012,0.004323,39,35.5,42,115.4,42,14.62,42,3.994,99
3,1,2012,0.004963,40,31,41,107.3,41,14.31,41,3.406,101
3,2,2012,0.003196,39,24,41,144,41,13.17,41,3.415,106
3,3,2012,0.004784,49,33,49,108.1,49,5.139,49,1.284,122
3,4,2012,0.007901,49,49,49,149.1,49,9.49,49,3.195,97
3,5,2012,0.00319,46,19,48,103.2,48,13.38,48,3.789,106
3,6,2012,0.007735,26,25,28,115.3,28,6.265,28,0.6093,93
3,7,2012,0.002853,33,44,35,135.2,35,12.98,35,3.852,73
3,8,2012,0.004409,22,25,25,99.72,25,9.384,25,0.9864,72
3,9,2012,0.004636,41,40,41,130.9,41,14.69,41,4.05,103
3,10,2012,0.005586,36,27,38,132.2,38,10.27,38,0.7677,88
3,11,2012,0.005015,44,43.5,50,156.3,50,9.358,50,3.292,115
3,12,2012,0.007182,38,44.5,42,160.6,42,10.62,42,3.07,107
3,13,2012,0.004578,24,47,27,162,27,13.52,27,3.647,70
3,14,2012,0.002937,37,35,43,121.1,43,14.17,43,3.365,92
3,15,2012,0.007084,35,43,39,158.5,39,9.868,39,1.979,96
3,16,2012,0.007305,33,41,35,163.6,35,5.15,35,3.525,77
3,17,2012,0.00757,35,47,38,144.8,38,11.3,38,0.5714,105
3,18,2012,0.006781,47,27.5,52,145.1,52,12.99,52,3.494,104
3,19,2012,0.00459,37,41,39,139.6,39,16.11,39,2.387,93
3,20,2012,0.009102,15,53,21,161.2,21,9.42,21,2.146,77
3,21,2012,0.006471,28,47,37,157.9,37,5.519,37,0.6069,91
3,22,2012,0.004383,33,31.5,36,145.1,36,3.609,36,0.6084,88
3,23,2012,0.00516,43,43,49,151.3,49,9.352,49,1.868,107
3,24,2012,0.005301,30,12,31,97.09,31,11.23,31,4.683,66
3,25,2012,0.005013,59,34,64,129.4,64,5.93,64,0.6814,137
3,26,2012,0.002607,30,16.5,34,88.16,34,13.05,34,2.485,98
3,27,2012,0.006297,17,37,21,174.5,21,7.205,21,2.781,78
3,28,2012,0.005273,40,18,42,140.6,42,9.581,42,1.695,97
3,29,2012,0.009755,41,13.5,42,172.9,42,10.37,42,3.205,107
3,30,2012,0.002691,33,12.5,34,65.95,34,15.66,34,4.485,98
3,31,2012,0.003126,42,33.5,42,117.3,42,12.79,42,4.133,83
4,1,2012,0.006135,47,19,47,122,47,12.21,47,3.039,114
4,2,2012,0.007248,42,34,42,141.5,42,7.75,42,1.791,90
4,3,2012,0.006226,31,30,31,132,31,14.08,31,4.425,63
4,4,2012,0.00374,40,28.5,40,112.1,40,14.93,40,4.288,93
4,5,2012,0.007219,38,35.5,38,135.2,38,16.09,38,3.73,109
4,6,2012,0.004855,43,19,43,77.08,43,14.46,43,1.443,93
4,7,2012,0.008166,34,39.5,34,123.3,34,13.62,34,4.173,91
4,8,2012,0.004968,43,41,44,144.5,44,15.17,44,4.086,91
4,9,2012,0.006679,39,38,39,139.1,39,13.4,39,4.198,87
4,10,2012,0.003477,44,36.5,44,93.78,44,13.09,44,2.594,89
4,11,2012,0.007655,30,12,30,71.19,30,14.68,30,4.131,79
4,12,2012,0.002529,30,36,30,107.3,30,16.4,30,2.28,71
4,13,2012,0.004322,41,14,41,94.51,41,16.1,41,3.955,99
4,14,2012,0.005631,33,46,33,158.2,33,3.05,33,2.563,104
4,15,2012,0.004626,42,12,42,126.4,42,10.86,42,1.936,103
4,16,2012,0.004702,34,25.5,34,89.93,34,12.46,34,3.862,82
4,17,2012,0.004842,40,27,40,125.7,40,14.85,40,4.341,96
4,18,2012,0.005473,38,45,38,128.5,38,15.27,38,3.685,109
4,19,2012,0.003996,29,39,29,126.3,29,13.31,29,4.047,76
4,20,2012,0.005614,33,18,33,98.21,33,13,33,3.562,79
4,21,2012,0.0071,34,50,34,139.7,34,18.57,34,4.29,96
4,22,2012,0.004073,44,21,44,121.1,44,13.8,44,3.912,100
4,23,2012,0.007586,29,31,29,131.8,29,12.42,29,3.926,69
4,24,2012,0.004233,36,36.5,36,136.8,36,17.83,36,3.915,92
4,25,2012,0.004816,37,15,37,119.2,37,18.87,37,4.18,88
4,26,2012,0.008381,31,46,31,142.7,31,10.59,31,4.147,96
4,27,2012,0.005065,40,44,41,125.4,41,12.22,41,3.817,96
4,28,2012,0.005451,38,40,38,132.2,38,16.5,38,3.982,95
4,29,2012,0.004425,40,12.5,40,88.1,40,19.32,40,4.102,110
4,30,2012,0.005227,37,38,37,125.5,37,19.17,37,3.832,84
5,1,2012,0.008695,37,39,38,139,38,9.108,38,3.333,91
5,2,2012,0.004766,36,44.5,36,133.6,36,20.71,36,3.825,83
5,3,2012,0.005405,47,30,47,103.6,47,19.49,47,4.081,98
5,4,2012,0.001376,33,38,33,105.7,33,8.775,33,4.208,83
5,5,2012,0.00582,46,32.5,46,135.2,46,16.46,46,4.094,111
5,6,2012,0.00713,38,35,38,131.9,38,13.87,38,1.738,102
5,7,2012,0.007892,31,46,31,136.1,31,15.66,31,2.595,73
5,8,2012,0.007547,38,13,38,87.76,38,19.8,38,4.572,74
5,9,2012,0.005905,26,35.5,26,128.9,26,12.54,26,3.929,69
5,10,2012,0.006348,29,39,29,133.6,29,12.52,29,3.92,81
5,11,2012,0.001742,29,12,29,135.4,29,12.52,29,3.313,73
5,12,2012,0.005392,35,45,35,143.6,35,12.88,35,3.247,76
5,13,2012,0.006136,36,30.5,36,115,36,8.848,36,1.74,94
5,14,2012,0.007522,40,12.5,40,93.46,40,15.26,40,4.164,83
5,15,2012,0.001711,30,31.5,30,103.9,30,19.27,30,4.597,66
5,16,2012,0.007052,31,30,31,131.4,31,14.16,31,1.597,71
5,17,2012,0.009166,35,79,35,147.3,35,19.24,35,0.6225,81
5,18,2012,0.003769,27,30.5,28,141.2,28,11.36,28,0.6203,63
5,19,2012,0.0072,40,47,40,142.6,40,7.244,40,3.874,93
5,20,2012,0.001895,40,38.5,40,119.7,40,14.31,40,4.01,94
5,21,2012,0.003313,29,14,29,89.04,29,15.52,29,1.49,76
5,22,2012,0.005098,30,20,30,87.66,30,17.73,30,3.093,72
5,23,2012,0.002864,26,39,26,132,26,16.35,26,4.073,66
5,24,2012,0.00802,38,60.5,38,141.2,38,20.24,38,3.476,71
5,25,2012,0.007914,41,15,41,95.73,41,19.33,41,4.05,76
5,26,2012,0.002886,27,12,27,81.31,27,18.63,27,4.035,75
5,27,2012,0.006194,28,13.5,28,115.5,28,4.767,28,0.6781,86
5,28,2012,0.006369,44,22,44,133.6,44,18.67,44,3.811,97
5,29,2012,0.006771,47,47,47,138,47,19.48,47,3.692,90
5,30,2012,0.006081,31,37,31,111.7,31,16.07,31,4.01,78
5,31,2012,0.004991,47,36,47,114.2,47,17.42,47,3.923,95
6,1,2012,0.002968,43,15,43,132.6,43,15.97,43,3.245,91
6,2,2012,0.003656,37,20,37,91.89,37,15.22,37,3.653,94
6,3,2012,0.007333,49,29,49,98.36,49,13.8,49,1.746,118
6,4,2012,0.00208,34,12,34,49.82,34,15.08,34,3.926,85
6,5,2012,0.008526,38,38,38,114.4,38,6.301,38,1.804,85
6,6,2012,0.008176,35,41,35,140,35,19.08,35,4.283,83
6,7,2012,0.003456,45,30,45,136.2,45,8.119,45,3.809,96
6,8,2012,0.008378,21,13,21,151.8,21,22.28,21,6.021,74
6,9,2012,0.00531,35,49,35,142,35,19.45,35,3.409,89
6,10,2012,0.007645,29,35,29,128.3,29,13.19,29,3.209,77
6,11,2012,0.004877,26,42,27,144.4,27,14.23,27,3.952,68
6,12,2012,0.01074,28,47.5,28,138.7,28,4.922,28,1.645,78
6,13,2012,0.008455,33,32,33,142.3,33,10.99,33,1.411,98
6,14,2012,0.006064,50,32.5,50,105.3,50,9.205,50,4.389,100
6,15,2012,0.006348,34,32.5,34,119.9,34,13.17,34,1.602,88
6,16,2012,0.008184,33,12,33,103.5,33,18.13,33,3.883,94
6,17,2012,0.001528,32,17,32,106.6,32,17.33,32,4.026,88
6,18,2012,0.005828,46,29.5,46,114.9,46,10.29,46,3.948,99
6,19,2012,0.00514,31,37,32,121.9,32,9.363,32,1.542,83
6,20,2012,0.007024,34,41,34,139,34,9.424,34,4.627,96
6,21,2012,0.008997,47,32,47,128.2,47,6.303,47,1.818,115
6,22,2012,0.005461,33,31,33,98.7,33,18.6,33,4.09,79
6,23,2012,0.007717,32,40,32,140.5,32,6.627,32,3.959,94
6,24,2012,0.006061,43,36,43,144,43,16.45,43,1.931,94
6,25,2012,0.004632,44,17.5,44,130.4,44,19.04,44,4.172,98
6,26,2012,0.005818,35,36,35,103.4,35,13.47,35,4.065,78
6,27,2012,0.008151,37,34,37,119.2,37,14.88,37,2.526,103
6,28,2012,0.009263,30,58,30,158.3,30,4.116,30,4.095,92
6,29,2012,0.005983,40,15.5,40,83.73,40,10.7,40,3.545,111
6,30,2012,0.006141,41,38,41,101.4,41,10.74,41,3.97,104
7,1,2012,0.004808,54,21,54,101.7,54,14.61,54,3.829,112
7,2,2012,0.002521,36,25.5,36,103.3,36,11.48,36,2.487,103
7,3,2012,0.006622,42,14,42,108.1,42,14.65,42,4.372,96
7,4,2012,0.004319,33,18,33,98.44,33,10.09,33,4.437,90
7,5,2012,0.005124,34,41,34,142.6,34,12.22,34,4.132,73
7,6,2012,0.00851,47,45,47,134.1,47,16.14,47,3.906,116
7,7,2012,0.004898,44,21.5,44,100.6,44,17.84,44,4.485,104
7,8,2012,0.005793,34,11.5,34,83.15,34,19.43,34,3.859,102
7,9,2012,0.007735,36,42,36,147.7,36,17.46,36,3.969,91
7,10,2012,0.002705,34,17,34,67.72,34,14.75,34,4.389,74
7,11,2012,0.005842,39,26,39,109.5,39,14.99,39,3.657,78
7,12,2012,0.008176,30,38.5,30,88.74,30,15.06,30,4.674,58
7,13,2012,0.004835,41,21,41,96.66,41,10.98,41,2.513,94
7,14,2012,0.00292,44,13,44,91.09,44,16.77,44,4.038,85
7,15,2012,0.004861,45,24,45,132.8,45,21.51,45,4.328,93
7,16,2012,0.004494,57,42,57,129.8,57,13.54,57,0.9387,135
7,17,2012,0.007283,53,41,52,117.6,52,5.116,53,0.6829,100
7,18,2012,0.005416,40,30,40,99.36,40,19.18,40,2.885,101
7,19,2012,0.009156,39,66,39,156.1,39,16.97,39,4.083,90
7,20,2012,0.005798,38,36.5,38,154.6,38,15.16,38,2.969,89
7,21,2012,0.004909,31,43,31,106.5,31,8.45,31,3.191,90
7,22,2012,0.003698,58,14.5,58,115.4,58,11.32,58,2.73,120
7,23,2012,0.003953,45,31,45,99.72,45,10.78,45,1.005,97
7,24,2012,0.007037,34,60.5,34,141.9,34,12.31,34,0.7899,96
7,25,2012,0.005378,37,28,37,78.56,37,15.15,37,1.737,98
7,26,2012,0.007583,37,31,37,97.39,37,10.34,37,1.189,111
7,27,2012,0.008916,36,39,36,99.7,36,9.41,36,3.772,95
7,28,2012,0.003539,38,21,39,97.34,39,14.54,39,1.749,109
7,29,2012,0.002124,43,14,43,113.7,43,20.45,43,4.553,102
7,30,2012,0.002289,43,10,43,98.37,43,17.89,43,4.41,108
7,31,2012,0.002219,68,34,68,95.6,68,14.95,68,3.74,146
8,1,2012,0.006184,66,36,67,112.6,67,15.74,67,4.108,145
8,2,2012,0.005116,60,36.5,60,144.6,60,20.13,60,4.177,163
8,3,2012,0.005292,43,44,43,143.9,43,11.44,43,2.344,108
8,4,2012,0.001592,95,15,95,94.47,95,17.74,95,4.122,172
8,5,2012,0.004179,93,17,93,73.71,93,10.9,93,3.69,182
8,6,2012,0.0029,90,34,89,94.17,89,13.3,90,1.236,179
8,7,2012,0.004521,83,40,83,107.1,83,19.35,83,3.899,156
8,8,2012,0.002356,69,33,69,94.17,69,15.34,69,2.758,138
8,9,2012,0.008499,56,44,56,137.3,56,14.95,56,3.326,147
8,10,2012,0.006231,71,45,71,129.9,71,10.44,71,4.188,152
8,11,2012,0.005784,71,49,71,148.1,71,15.29,71,1.238,198
8,12,2012,0.004748,103,44.5,104,124.9,104,12.07,104,1.633,196
8,13,2012,0.006504,88,33.5,88,115.1,88,14.5,88,0.8562,216
8,14,2012,0.001958,84,37.5,84,130.3,84,19.16,84,4.495,193
8,15,2012,0.003861,108,38.5,108,107.5,108,9.072,108,0.8099,246
8,16,2012,0.004892,79,39,79,116.6,79,14.56,79,0.7228,219
8,17,2012,0.004323,81,31,81,104,81,19.58,81,1.404,207
8,18,2012,0.005603,105,50,105,132,105,15.02,105,2.53,223
8,19,2012,0.004154,108,28.5,108,96.87,108,9.604,108,2.788,254
8,20,2012,0.004403,89,34,89,120.6,89,14.27,89,2.035,204
8,21,2012,0.00487,78,36.5,78,116.9,78,9.851,78,0.6171,214
8,22,2012,0.006318,93,40,93,121.3,93,15.14,93,3.611,220
8,23,2012,0.004371,108,32,108,90.62,108,14.88,108,4.132,202
8,24,2012,0.004862,87,43,87,145,87,12.47,87,2.348,196
8,25,2012,0.00466,89,28,89,100.4,89,12.7,89,3.645,214
8,26,2012,0.004022,110,27,110,88.87,110,16.98,110,3.936,237
8,27,2012,0.003433,99,35,99,102.7,99,17.77,99,4.037,207
8,28,2012,0.005164,91,42,91,132.6,91,18.67,91,1.202,207
8,29,2012,0.00648,86,45,86,147.5,86,18.51,86,0.6995,217
8,30,2012,0.007242,94,39,94,130.9,94,21.91,94,4.334,201
8,31,2012,0.00837,114,36,115,106.4,115,8.599,115,0.8168,252
9,1,2012,0.003567,90,35,90,128.5,90,19.77,90,3.969,215
9,2,2012,0.004727,100,43,100,128.2,100,15.11,100,3.588,238
9,3,2012,0.003936,97,34,97,108.5,97,14.55,97,3.821,231
9,4,2012,0.004658,77,40,77,130.6,77,16.96,77,0.6134,198
9,5,2012,0.005047,85,42,85,98.4,85,19.26,85,3.798,208
9,6,2012,0.002425,91,31,91,103.4,91,12.52,91,3.912,173
9,7,2012,0.002768,117,13,117,80.95,117,17.04,117,4.527,227
9,8,2012,0.001711,106,12,106,93.4,106,14.66,106,4.396,191
9,9,2012,0.003692,100,30.5,100,104.4,100,11.76,100,2.516,228
9,10,2012,0.002611,90,13.5,90,94.48,90,18.9,90,4.447,201
9,11,2012,0.002788,94,9,95,53.03,95,21.97,95,4.189,216
9,12,2012,0.004021,104,35.5,104,93.3,104,17.65,104,1.805,223
9,13,2012,0.003993,104,34.5,104,96.96,104,19.22,104,4.303,200
9,14,2012,0.005116,91,41,92,112,92,15,92,1.377,228
9,15,2012,0.002895,113,35,113,108.9,113,16.99,113,4.169,232
9,16,2012,0.002107,92,14,92,74.36,92,15.5,92,4.332,201
9,17,2012,0.002664,100,27,101,89.26,101,15.78,101,3.667,172
9,18,2012,0.001012,114,15,114,72.31,114,15.71,114,3.401,198
9,19,2012,0.001864,115,34,115,98.32,115,17.33,115,3.729,195
9,20,2012,0.0009206,117,28,117,95.45,117,15.22,117,4.296,213
9,21,2012,0.002363,104,49.5,104,132.9,104,12.08,104,2.165,177
9,22,2012,0.001217,115,34,115,91.5,115,16.92,115,3.17,207
9,23,2012,0.000799,116,32.5,116,88.55,116,15,116,4.187,194
9,24,2012,0.002577,113,34,113,90.86,113,11.59,113,3.652,208
9,25,2012,0.00133,89,32,89,95.86,89,11.7,89,1.367,184
9,26,2012,0.0009073,99,37,99,79.47,99,17.55,99,3.928,183
9,27,2012,0.004881,79,33,79,85.51,79,15.71,79,3.41,177
9,28,2012,0.002727,101,31,101,97.24,101,10.74,101,1.353,205
9,29,2012,0.001927,116,17.5,116,79.93,116,13.61,116,3.813,209
9,30,2012,0.0009947,88,29,88,92.9,88,15.99,88,4.188,167
10,1,2012,0.001925,117,30,117,78.45,117,12.78,117,1.169,222
10,2,2012,0.001376,120,23,120,79.41,120,13.19,120,3.371,247
10,3,2012,0.004615,100,35.5,100,98.47,100,12.93,100,1.251,180
10,4,2012,0.005576,125,47,126,105.3,126,14.55,126,2.529,210
10,5,2012,0.004871,101,77,102,126.3,102,13.34,102,0.5443,217
10,6,2012,0.001864,132,26,133,58.84,133,13.53,133,3.25,233
10,7,2012,0.002348,151,27,152,93.88,152,12.3,152,1.085,259
10,8,2012,0.00174,104,43.5,104,100.2,104,14,104,1.966,208
10,9,2012,0.0007749,120,32,120,83.87,120,14.89,120,4.049,231
10,10,2012,0.005867,142,30,142,106.5,142,15.14,142,4.275,260
10,11,2012,0.005603,88,46,88,107.9,88,14.35,88,3.651,182
10,12,2012,0.004425,103,25,103,89.06,103,11.88,103,3.53,233
10,13,2012,0.003972,134,26,134,96.59,134,13.55,134,3.77,256
10,14,2012,0.001919,116,30.5,116,86,116,15.46,116,3.776,241
10,15,2012,0.002247,119,36,119,94.99,119,14.03,119,3.596,229
10,16,2012,0.004816,94,29,95,92.73,95,14.31,95,3.648,195
10,17,2012,0.002272,84,44,84,141.3,84,14.44,84,1.744,184
10,18,2012,0.005412,100,30.5,100,92.58,100,12.13,100,1.665,258
10,19,2012,0.002894,115,31,115,92.08,115,17.32,115,1.287,220
10,20,2012,0.004882,103,29,103,112.3,103,15.1,103,3.932,209
10,21,2012,0.004088,134,40,133,91.94,133,13.24,134,3.443,260
10,22,2012,0.002527,115,19,115,82.04,115,17.3,115,3.688,237
10,23,2012,0.004835,87,40,87,103.5,87,11.34,87,1.402,182
10,24,2012,0.005267,118,34,118,94.8,118,15.48,118,3.938,233
10,25,2012,0.00193,112,42,112,96.37,112,11.43,112,3.831,214
10,26,2012,0.002395,84,19,84,82.75,84,12.72,84,3.391,186
10,27,2012,0.001848,135,29,135,99.44,135,15.02,135,4.168,211
10,28,2012,0.001445,149,26,149,88.77,149,11.74,149,3.93,240
10,29,2012,0.001157,129,30,129,100.9,129,12.43,129,3.603,228
10,30,2012,0.002433,120,22,121,72.48,121,13.33,121,3.603,227
10,31,2012,0.001895,114,28,114,72,114,14.46,114,3.997,228
11,1,2012,0.0006052,112,29,112,88.25,112,13.8,112,3.93,197
11,2,2012,0.00454,133,25,133,63.91,133,12.13,133,3.106,216
11,3,2012,0.001378,142,17,143,54.89,143,12.44,143,3.654,245
11,4,2012,0.001987,190,28,190,81.4,190,10.5,190,3.364,292
11,5,2012,0.004862,181,23,181,44.48,181,4.916,181,4.23,210
11,6,2012,0.003638,140,43,140,74.34,140,4.66,140,3.566,187
11,7,2012,0.004912,120,39,120,71.42,120,4.005,120,3.125,172
11,8,2012,0.007256,201,43,201,70.89,201,3.3,201,3.739,234
11,9,2012,0.00394,178,27,178,49.91,178,6.859,178,3.594,245
11,10,2012,0.002615,119,32,119,87.24,119,14.89,119,3.854,206
11,11,2012,0.001673,142,32,142,94.07,142,11.96,142,1.93,255
11,12,2012,0.0009537,139,15,139,85.47,139,13.89,139,3.966,244
11,13,2012,0.001342,140,23,140,51.52,140,13.79,140,3.416,250
11,14,2012,0.002426,128,31.5,128,90,128,12.91,128,3.653,231
11,15,2012,0.001083,136,12.5,136,72.62,136,15.48,136,3.828,245
11,16,2012,0.006051,85,43,85,117.8,85,16.18,85,4.286,187
11,17,2012,0.005827,102,36.5,102,131.9,102,14.08,102,4.289,237
11,18,2012,0.003745,146,23,146,42,146,13.49,146,3.087,285
11,19,2012,0.003829,122,27,122,117.4,122,13.32,122,3.132,269
11,20,2012,0.005679,75,43,75,146.3,75,14.17,75,4.377,166
11,21,2012,0.005817,98,38.5,98,110.4,98,9.416,98,3.411,248
11,22,2012,0.005743,105,55,105,129.4,105,7.675,105,3.123,243
11,23,2012,0.003883,106,40,106,116.8,106,14.52,106,4.082,275
11,24,2012,0.005478,93,45,93,137.8,93,13.73,93,3.854,229
11,25,2012,0.004814,131,23,132,91.13,132,11.2,132,3.07,300
11,26,2012,0.004669,114,22,114,111.5,114,9.161,114,3.478,235
11,27,2012,0.004467,93,31,93,110.9,93,12.98,93,3.164,209
11,28,2012,0.005416,109,45,109,143.8,109,15.05,109,4.182,229
11,29,2012,0.002415,117,54,117,129.4,117,9.225,117,2.723,242
11,30,2012,0.004264,111,37,111,102.5,111,14.53,111,2.854,249
12,1,2012,0.0007582,119,15,119,64.37,119,22.07,119,10.94,226
12,2,2012,0.001703,174,20,174,44.29,174,17.64,174,3.735,349
12,3,2012,0.00279,148,14,148,87.49,148,17.96,148,4.413,295
12,4,2012,0.001477,96,11.5,96,84.87,96,22.58,96,4.487,256
12,5,2012,0.001272,106,14,107,87.06,107,22.51,107,5.124,247
12,6,2012,0.002025,112,33,112,92.32,112,22.65,112,4.995,275
12,7,2012,0.001922,110,12,110,86.18,110,19.55,110,4.489,267
12,8,2012,0.0007711,120,9,120,54.16,120,21.54,120,7.325,249
12,9,2012,0.001731,160,12,160,94.75,160,19.18,160,4.493,317
12,10,2012,0.001005,109,17,109,81.48,109,17.23,109,4.49,232
12,11,2012,0.002193,93,36,93,126.4,93,18.75,93,3.972,231
12,12,2012,0.005564,89,40,89,132.5,89,14.29,89,4.055,209
12,13,2012,0.005184,79,42,79,124.3,79,11,79,3.801,196
12,14,2012,0.006371,81,52,81,144.2,81,9.314,81,3.99,193
12,15,2012,0.006166,111,67,111,142.4,111,9.897,111,3.412,265
12,16,2012,0.003644,105,37,105,120.2,105,10.75,105,4.102,246
12,17,2012,0.003695,86,36,87,112,87,13.46,87,4.309,252
12,18,2012,0.00404,97,27,97,91.16,97,14.31,97,10.88,244
12,19,2012,0.002754,110,38,111,100.4,111,18.28,111,4.866,283
12,20,2012,0.003467,94,41,94,124.6,94,12.91,94,4.698,272
12,21,2012,0.003852,97,36,98,117.2,98,13.11,98,4.447,241
12,22,2012,0.00222,96,53,96,124,96,16.14,96,4.453,285
12,23,2012,0.002448,111,39,112,97.28,112,16.45,112,4.368,257
12,24,2012,0.002734,89,52,89,127.8,89,15.79,89,8.854,245
12,25,2012,0.003942,145,47,145,120.2,145,9.613,145,4.763,277
12,26,2012,0.002073,128,37,128,98.59,128,8.957,128,4.493,260
12,27,2012,0.002147,129,37,129,95.53,129,11.16,129,4.393,252
12,28,2012,0.0022,127,38,127,121.6,127,13.52,127,4.538,261
12,29,2012,0.00227,135,37,135,104,135,12.32,135,4.409,269
12,30,2012,0.002486,145,32.5,146,73.9,146,12.66,146,5.089,290
12,31,2012,0.003369,52,22,52,117.8,52,15.55,52,4.704,141
1,1,2013,0.005505,147,37,147,125.6,147,9.173,147,3.996,284
1,2,2013,0.002849,134,34,134,98.42,134,11.16,134,4.443,264
1,3,2013,0.004002,118,40.5,120,110.3,120,8.588,120,4.136,264
1,4,2013,0.00395,118,35,118,119.1,118,12.5,118,4.617,247
1,5,2013,0.001197,122,33,122,65.61,122,11.22,122,4.518,273
1,6,2013,0.002187,152,38,153,80.11,153,8.542,153,4.427,276
1,7,2013,0.004532,82,20.5,82,92.25,82,19.36,82,4.477,226
1,8,2013,0.006133,89,31,91,93.29,91,14.99,91,0.681,247
1,9,2013,0.005428,129,41,130,128.8,130,14.74,130,2.266,252
1,10,2013,0.006806,111,34,111,113.7,111,15.1,111,4.491,263
1,11,2013,0.004911,127,39,127,126.8,127,13.9,127,4.469,264
1,12,2013,0.006665,142,39,142,127.2,142,11.97,142,4.466,275
1,13,2013,0.00174,93,36,93,84.99,93,9.417,93,4.638,212
1,14,2013,0.003358,78,40,78,133.4,78,14.59,78,5.611,216
1,15,2013,0.004907,106,43,106,105.6,106,12.91,106,8.304,263
1,16,2013,0.003889,86,38,86,96.39,86,18.4,86,11.73,212
1,17,2013,0.006933,66,44,66,120.5,66,11.8,66,4.535,224
1,18,2013,0.00298,81,39,81,136.1,81,16.39,81,8.845,269
1,19,2013,0.005192,95,35.5,96,110,96,14.29,96,4.491,255
1,20,2013,0.004779,109,38,109,131.2,109,13.65,109,4.462,270
1,21,2013,0.003815,85,32,85,109.7,85,11.41,85,4.567,222
1,22,2013,0.004233,69,36,69,115.6,69,11.17,69,4.509,206
1,23,2013,0.005618,82,38,82,116.9,82,4.651,82,2.673,264
1,24,2013,0.007005,79,56,79,145.8,79,15.53,79,0.712,224
1,25,2013,0.007862,104,41,104,123.8,104,12.74,104,4.407,237
1,26,2013,0.005446,109,36,109,114.3,109,9.761,109,3.925,219
1,27,2013,0.004155,111,27,111,103.1,111,11.93,111,3.944,241
1,28,2013,0.005747,75,35,75,130.6,75,17.18,75,4.225,159
1,29,2013,0.006166,73,46,73,132.1,73,9.347,73,3.293,187
1,30,2013,0.006616,81,48,81,132.7,81,5.794,81,3.68,185
1,31,2013,0.006671,62,51.5,62,147,62,12.07,62,4.144,164
2,1,2013,0.005954,76,24,76,102.6,76,16.79,76,4.494,187
2,2,2013,0.006174,89,56,89,138.4,89,16.06,89,4.216,217
2,3,2013,0.00385,70,16.5,70,97.71,70,12.68,70,4.25,185
2,4,2013,0.004021,79,17,79,109,79,14.47,79,4.353,168
2,5,2013,0.006266,97,39,97,114.9,97,13.7,97,4.369,210
2,6,2013,0.004065,83,45,83,123.4,83,14.8,83,4.357,201
2,7,2013,0.005699,49,37,49,113.8,49,12.95,49,2.713,153
2,8,2013,0.001568,86,32,86,119.9,86,12.61,86,4.148,188
2,9,2013,0.002319,82,30,83,109,83,15.48,83,3.734,219
2,10,2013,0.005661,92,32.5,92,106.2,92,15.87,92,4.399,209
2,11,2013,0.005437,97,42,97,132.2,97,9.971,97,3.886,201
2,12,2013,0.006572,85,48,85,135.1,85,14.71,85,4.259,189
2,13,2013,0.005187,81,71,81,126.5,81,12.71,81,4.461,198
2,14,2013,0.007125,68,54.5,68,124.2,68,6.736,68,3.17,190
2,15,2013,0.003326,87,37,88,123.6,88,11.19,88,3.283,196
2,16,2013,0.006021,66,68.5,66,129.1,66,19.21,66,4.382,169
2,17,2013,0.003676,63,48,63,117.5,63,13.35,63,4.05,161
2,18,2013,0.004635,81,36,81,104.3,81,13.96,81,4.046,196
2,19,2013,0.005024,92,42.5,92,125.3,92,8.826,92,2.681,183
2,20,2013,0.001793,108,14,110,53.78,110,22.46,110,8.977,246
2,21,2013,0.00597,96,35,96,94.2,96,15.36,96,3.484,159
2,22,2013,0.006442,59,78,59,115.6,59,11.93,59,3.847,151
2,23,2013,0.006895,75,67,75,137.1,75,13.16,75,3.7,162
2,24,2013,0.006235,103,55,103,128.7,103,11.6,103,4.171,208
2,25,2013,0.006709,85,74,85,140.4,85,6.676,85,3.292,170
2,26,2013,0.005714,62,44,62,117.5,62,13.14,62,2.997,147
2,27,2013,0.006671,80,43,81,136.3,81,17.08,81,3.852,182
2,28,2013,0.004442,60,37.5,60,119.9,60,12.32,60,4.248,140
3,1,2013,0.008322,59,55,59,138.9,59,15.17,59,3.929,153
3,2,2013,0.003947,81,42,81,104.4,81,15.28,81,4.526,186
3,3,2013,0.004004,93,32,93,108.9,93,14.01,93,3.773,183
3,4,2013,0.006293,75,30,75,111.6,75,15.54,75,3.568,171
3,5,2013,0.007537,66,74,66,136.4,66,20.91,66,4.515,125
3,6,2013,0.006816,86,39.5,86,139.5,86,17.21,86,3.867,180
3,7,2013,0.005184,79,39,79,124.8,79,6.204,79,2.927,193
3,8,2013,0.00626,67,34,67,112.1,67,13.63,67,3.892,178
3,9,2013,0.006978,76,47.5,76,130.1,76,10.76,76,3.489,190
3,10,2013,0.00411,73,28,73,129,73,10.59,73,2.21,194
3,11,2013,0.007139,69,36,69,116,69,14.68,69,3.292,182
3,12,2013,0.005875,86,45,86,128.6,86,8.096,86,3.179,154
3,13,2013,0.004933,106,43.5,106,104.9,106,12.42,106,4.355,219
3,14,2013,0.005274,73,53,73,131.3,73,9.037,73,3.739,211
3,15,2013,0.001867,85,28,85,69.95,85,16.09,85,4.748,219
3,16,2013,0.005592,83,19,83,77.86,83,14.41,83,5.731,220
3,17,2013,0.0006646,86,12,87,85.01,87,18.86,87,7.025,237
3,18,2013,0.005697,75,66,75,124.3,75,19,75,4.902,207
3,19,2013,0.003827,66,29,67,90.45,67,21.42,67,13.77,170
3,20,2013,0.002332,74,36.5,74,139.7,74,12.68,74,4.936,198
3,21,2013,0.005358,78,29,78,111.4,78,20.1,78,10.11,227
3,22,2013,0.00199,101,29,101,83.41,101,12.85,101,4.508,222
3,23,2013,0.001959,132,35.5,132,102.2,132,13.45,132,4.618,269
3,24,2013,0.002206,88,36,88,104.1,88,16.46,88,4.483,279
3,25,2013,0.00666,79,47,79,122.2,79,16.08,79,4.412,192
3,26,2013,0.005775,95,42,95,148.3,95,7.197,95,1.649,228
3,27,2013,0.004745,65,39,65,133.5,65,12.61,65,3.695,139
3,28,2013,0.002426,94,39,94,105.6,94,13.34,94,4.448,169
3,29,2013,0.003184,60,45,60,136.2,60,8.22,60,1.643,157
3,30,2013,0.003233,83,34,83,115.6,83,13.04,83,3.101,210
3,31,2013,0.003303,73,50,73,119.7,73,11.09,73,3.092,189
4,1,2013,0.005089,70,36,70,117.2,70,17.96,70,3.171,182
4,2,2013,0.006472,110,36,110,123.8,110,13.83,110,3.586,238
4,3,2013,0.006861,104,42.5,104,135.4,104,9.489,104,3.447,221
4,4,2013,0.006415,71,42,71,138.7,71,13.96,71,3.782,170
4,5,2013,0.007087,90,43.5,92,132.2,92,14.66,92,3.824,194
4,6,2013,0.005145,89,58,90,139.7,90,6.27,90,0.6429,238
4,7,2013,0.001265,89,16,89,87.84,89,10.89,89,4.247,200
4,8,2013,0.007825,72,42,72,142.9,72,10.16,72,1.647,177
4,9,2013,0.00428,57,44,57,123.7,57,10.79,57,2.931,136
4,10,2013,0.007042,74,45.5,74,128.4,74,17.2,74,2.84,166
4,11,2013,0.006964,66,56,66,131,66,9.877,66,3.404,157
4,12,2013,0.00632,57,42,57,115,57,13.59,57,3.774,149
4,13,2013,0.002097,72,30,72,95.23,72,15.07,72,3.904,168
4,14,2013,0.002048,101,36,101,120.9,101,16.56,101,4.333,201
4,15,2013,0.006879,54,44,54,138.1,54,11.08,54,2.999,142
4,16,2013,0.006002,69,42,69,136.9,69,13.26,69,3.25,165
4,17,2013,0.007033,59,68,59,133.5,59,20.66,59,5.244,131
4,18,2013,0.003609,70,38.5,70,96.14,70,13.34,70,3.761,142
4,19,2013,0.005252,76,49.5,76,125.2,76,4.477,76,0.913,159
4,20,2013,0.005487,69,72,69,134.8,69,18.61,69,4.511,169
4,21,2013,0.002775,55,48,55,121.3,55,11.25,55,3.742,147
4,22,2013,0.007482,60,59.5,60,144.7,60,14.56,60,1.464,192
4,23,2013,0.004675,89,43,89,105.8,89,5.89,89,0.7009,200
4,24,2013,0.006205,63,47,63,129.1,63,14.31,63,1.572,210
4,25,2013,0.001047,48,12.5,48,100.6,48,21.42,48,2.799,119
4,26,2013,0.00512,40,35,40,105.2,40,14.42,40,4.452,90
4,27,2013,0.001414,112,10.5,112,39.21,112,21.21,112,12.54,198
4,28,2013,0.002517,102,34.5,102,109.1,102,18.81,102,6.303,214
4,29,2013,0.00694,75,45,75,135.5,75,13.29,75,2.105,194
4,30,2013,0.006888,65,60,65,147.6,65,9.223,65,3.558,169
5,1,2013,0.006816,46,33.5,46,127.3,46,20.18,46,4.75,146
5,2,2013,0.003505,86,36,86,94.71,86,8.123,86,7.575,194
5,3,2013,0.004688,82,49.5,82,90.93,82,4.884,82,3.883,151
5,4,2013,0.005731,90,43,90,63.7,90,3.505,90,4.141,138
5,5,2013,0.007358,160,55.5,160,92.6,160,2.084,160,3.285,224
5,6,2013,0.008367,119,48,119,72.3,119,2.237,119,3.293,167
5,7,2013,0.008416,137,51,137,86.74,137,1.738,137,2.229,183
5,8,2013,0.01018,147,46,147,67.43,147,1.966,147,3.958,201
5,9,2013,0.007195,122,49,122,87.89,122,2.271,122,3.963,170
5,10,2013,0.008761,110,77,110,124.3,110,1.847,110,3.778,138
5,11,2013,0.00302,117,45,117,83.41,117,4.197,117,4.042,137
5,12,2013,0.01087,150,50,152,110.6,152,1.617,152,2.327,190
5,13,2013,0.00683,119,47,119,96.55,119,2.856,119,3.493,165
5,14,2013,0.006704,128,70.5,128,115.6,128,2.068,128,0.7555,192
5,15,2013,0.007952,95,47,95,85.71,95,2.244,95,2.326,144
5,16,2013,0.008947,106,46,106,76.51,106,2.837,106,4.158,143
5,17,2013,0.01511,157,45,159,69.26,159,1.371,159,3.782,220
5,18,2013,0.009585,249,51,249,89.91,249,1.847,249,4.026,308
5,19,2013,0.01137,274,49,274,83.95,274,1.579,274,4.123,327
5,20,2013,0.008876,235,47,235,68.57,235,2.081,235,4.245,332
5,21,2013,0.02109,220,60.5,220,92.33,220,0.9177,220,3.941,312
5,22,2013,0.02213,272,52,272,90.49,272,0.9373,272,3.364,351
5,23,2013,0.02165,265,53,265,82.32,265,0.9175,265,3.527,347
5,24,2013,0.01992,255,66,255,88.45,255,1.006,255,3.715,335
5,25,2013,0.01866,257,59,257,101.9,257,0.869,257,3.218,307
5,26,2013,0.02425,282,52,282,78.03,282,0.8528,282,3.977,332
5,27,2013,0.03523,195,66,195,97.5,195,0.7009,195,3.473,249
5,28,2013,0.02089,276,50,274,80.35,274,1.16,276,4.366,368
5,29,2013,0.0252,271,51,271,82.73,271,0.8698,271,3.52,357
5,30,2013,0.02815,207,63,207,89.9,207,0.7911,207,3.419,263
5,31,2013,0.01835,211,72,209,115.5,209,0.8188,211,4.099,242
6,1,2013,0.02688,238,85,238,117.1,238,0.6581,238,3.971,270
6,2,2013,0.03373,306,60,306,89.2,306,0.6124,306,4,382
6,3,2013,0.02783,273,66,273,105.4,273,0.6454,273,3.578,339
6,4,2013,0.02773,248,52,250,83.93,250,0.8151,250,2.956,320
6,5,2013,0.02032,246,70,246,94.31,246,0.8767,246,3.848,284
6,6,2013,0.02168,185,72,185,95.02,185,0.8068,185,0.685,241
6,7,2013,0.02279,256,67,258,99.03,258,0.7087,258,2.966,311
6,8,2013,0.02685,241,52,241,81.32,241,0.7772,241,3.925,301
6,9,2013,0.03871,277,58,277,95.26,277,0.5613,277,2.165,337
6,10,2013,0.0282,218,66,218,97.78,218,0.7679,218,3.559,252
6,11,2013,0.02546,248,52,248,75.33,248,0.9026,248,3.744,324
6,12,2013,0.02988,208,54.5,208,89.15,208,0.7778,208,3.347,250
6,13,2013,0.03258,289,50,289,76.4,289,0.7502,289,4.377,315
6,14,2013,0.02326,237,50,237,68.41,237,0.9112,237,4.13,271
6,15,2013,0.04059,259,52,259,75.24,259,0.5869,259,2.328,317
6,16,2013,0.03229,340,50,340,74.73,340,0.7247,340,3.266,394
6,17,2013,0.02739,312,55,312,75.83,312,0.892,312,3.356,366
6,18,2013,0.02739,285,59,285,92.17,285,0.7293,285,1.226,352
6,19,2013,0.03413,289,58,289,87.31,289,0.6865,289,2.39,334
6,20,2013,0.02597,264,65,264,92.82,264,0.859,264,3.808,303
6,21,2013,0.02753,280,65.5,280,93.5,280,0.7448,280,1.62,372
6,22,2013,0.02757,301,52,301,78.96,301,0.8608,301,3.841,353
6,23,2013,0.04011,287,65,287,101.9,287,0.5099,287,4.005,337
6,24,2013,0.03848,252,57.5,252,91.62,252,0.5458,252,2.108,300
6,25,2013,0.02509,304,64.5,304,92.09,304,0.743,304,0.7009,348
6,26,2013,0.03125,287,86,289,133.3,289,0.5003,289,3.285,361
6,27,2013,0.03088,266,59,268,87.9,268,0.7087,268,0.8504,348
6,28,2013,0.03523,281,74,281,106.2,281,0.5414,281,1.606,339
6,29,2013,0.03322,335,51,335,79.43,335,0.7215,335,3.996,416
6,30,2013,0.03333,307,55,307,111.4,307,0.6511,307,3.869,360
7,1,2013,0.03412,353,57,353,90.72,353,0.6755,353,3.819,429
7,2,2013,0.02818,260,52,260,101.5,260,0.8141,260,2.752,338
7,3,2013,0.02304,248,52.5,248,100.1,248,0.9426,248,2.049,322
7,4,2013,0.0172,324,49,324,72.39,324,1.31,324,3.637,368
7,5,2013,0.02968,261,50,261,74.02,261,0.855,261,4.093,335
7,6,2013,0.03137,267,49,267,70.2,267,0.8352,267,3.77,321
7,7,2013,0.0303,346,55,346,91.12,346,0.7216,346,3.922,412
7,8,2013,0.03272,351,53,351,88.45,351,0.7923,351,2.593,416
7,9,2013,0.03473,382,68,384,106.6,384,0.7073,384,1.222,428
7,10,2013,0.03019,392,51,392,73.15,392,0.7968,392,3.683,453
7,11,2013,0.02629,386,58,386,91.07,386,0.8228,386,2.591,446
7,12,2013,0.02515,290,50,290,72.99,290,0.9579,290,3.948,345
7,13,2013,0.02244,230,64,230,95.22,230,0.8377,230,2.361,311
7,14,2013,0.03063,269,54,269,92.38,269,0.6634,269,3.775,365
7,15,2013,0.02806,277,52,277,82.25,277,0.7644,277,3.29,367
7,16,2013,0.02744,287,68,287,120.3,287,0.6811,287,1.166,341
7,17,2013,0.01456,286,68,286,113.3,286,1.121,286,1.023,343
7,18,2013,0.009807,316,65,316,116.7,316,1.208,316,2.126,396
7,19,2013,0.009286,250,65,250,131.7,250,1.323,250,0.8505,320
7,20,2013,0.01533,316,54.5,316,89.98,316,1.109,316,3.975,370
7,21,2013,0.01852,302,77,302,132.4,302,0.897,302,2.356,388
7,22,2013,0.01096,320,62,322,97.06,322,1.289,322,1.948,370
7,23,2013,0.01155,276,62,276,86.37,276,1.371,276,3.736,358
7,24,2013,0.01156,284,57,284,88.04,284,1.525,284,4.015,338
7,25,2013,0.01102,408,53,408,77.25,408,1.746,408,4.172,490
7,26,2013,0.009997,352,51,352,77.97,352,1.634,352,6.295,440
7,27,2013,0.008206,292,57.5,292,78.93,292,1.643,292,4.09,370
7,28,2013,0.01637,286,59,286,94.78,286,0.9585,286,3.972,370
7,29,2013,0.01548,326,62,326,88.39,326,1.234,326,1.768,366
7,30,2013,0.01164,250,69,250,105.4,250,1.331,250,1.111,330
7,31,2013,0.008801,340,70,340,111.6,340,1.211,340,1.806,418
8,1,2013,0.008021,258,59,258,94.34,258,1.767,258,3.354,328
8,2,2013,0.00818,270,51,270,76.64,270,2.373,270,5.467,316
8,3,2013,0.009994,230,62,230,93.2,230,1.441,230,4.019,302
8,4,2013,0.01503,260,59,260,97.18,260,1.101,260,3.378,350
8,5,2013,0.01618,314,54,314,84.43,314,1.211,314,3.975,434
8,6,2013,0.01004,364,59,364,102.6,364,1.638,364,2.374,488
8,7,2013,0.01584,282,68.5,282,114.5,282,0.956,282,1.801,366
8,8,2013,0.0157,402,54.5,402,88.11,402,1.239,402,3.369,498
8,9,2013,0.01092,314,63,314,99.95,314,1.298,314,3.578,420
8,10,2013,0.01146,261,57,261,84.58,261,1.496,261,2.984,387
8,11,2013,0.01337,336,60,336,94.77,336,1.402,336,2.145,454
8,12,2013,0.01522,316,58,316,81.74,316,1.299,316,4.714,402
8,13,2013,0.01059,356,54,358,89.72,358,1.812,358,4.3,448
8,14,2013,0.01055,324,54.5,324,83.33,324,1.517,324,3.169,474
8,15,2013,0.009033,306,55,306,86.33,306,1.739,306,2.32,434
8,16,2013,0.008251,327,51,327,80.76,327,2.359,327,3.318,437
8,17,2013,0.009967,329,57,329,88.45,329,1.583,329,4.233,423
8,18,2013,0.0239,351,60,353,89.73,353,0.9124,353,4.322,434
8,19,2013,0.009861,314,50,314,77.18,314,2.048,314,4.048,416
8,20,2013,0.01779,291,61,291,74.9,291,1.213,291,4.654,357
8,21,2013,0.00902,304,57.5,304,80.45,304,1.631,304,4.236,419
8,22,2013,0.009868,236,59.5,236,96.51,236,1.748,236,3.498,328
8,23,2013,0.01138,312,52,312,76.9,312,1.84,312,4.127,453
8,24,2013,0.01183,389,53,389,80.87,389,1.473,389,4.325,453
8,25,2013,0.01794,352,55.5,352,77.3,352,1.094,352,3.989,424
8,26,2013,0.01092,274,53,274,86.93,274,1.303,274,3.99,364
8,27,2013,0.01091,227,52,227,76.75,227,1.345,227,3.153,336
8,28,2013,0.01205,298,51,298,78.54,298,1.403,298,1.124,524
8,29,2013,0.008808,270,55,270,91.07,270,1.807,270,2.885,404
8,30,2013,0.007284,309,54,309,95.25,309,2.275,309,4.376,411
8,31,2013,0.007928,298,62,298,105,298,1.661,298,3.512,384
9,1,2013,0.01065,264,55,264,81.95,264,1.678,264,4.099,382
9,2,2013,0.01705,353,72,353,102.3,353,0.8936,353,3.708,463
9,3,2013,0.01059,339,52,339,74.52,339,1.617,339,7.269,501
9,4,2013,0.007594,336,62.5,336,122,336,1.447,336,1,520
9,5,2013,0.01032,290,52,290,91.78,290,1.558,290,3.167,392
9,6,2013,0.01124,272,51.5,272,75.15,272,1.86,272,3.944,398
9,7,2013,0.01211,379,52,379,81.79,379,1.605,379,4.368,455
9,8,2013,0.01393,378,56,378,76.05,378,1.401,378,3.864,514
9,9,2013,0.007732,294,57,294,93.69,294,1.99,294,3.889,418
9,10,2013,0.008197,262,61,262,107.9,262,1.799,262,2.148,432
9,11,2013,0.007652,210,60,210,111.4,210,1.91,210,3.494,306
9,12,2013,0.008345,231,56,231,84.09,231,1.851,231,2.911,382
9,13,2013,0.008384,206,50,206,87.17,206,2.372,206,4.07,336
9,14,2013,0.009259,325,52,325,75.56,325,1.974,325,4.349,407
9,15,2013,0.01325,307,60,307,100.5,307,1.18,307,3.275,399
9,16,2013,0.0118,277,54,277,91.83,277,1.516,277,4.316,367
9,17,2013,0.009268,258,54,258,83.43,258,1.759,258,3.272,388
9,18,2013,0.01235,271,55,271,92.76,271,1.411,271,3.693,408
9,19,2013,0.008952,270,56,270,109.1,270,1.727,270,3.925,380
9,20,2013,0.008394,208,51.5,208,110.7,208,2.333,208,3.207,308
9,21,2013,0.009958,285,54,285,93.28,285,1.564,285,3.894,431
9,22,2013,0.007531,289,47,289,77.9,289,2.456,289,4.696,429
9,23,2013,0.007712,283,54,283,99.02,283,1.923,283,3.562,455
9,24,2013,0.007625,247,50,247,89.53,247,2.532,247,2.224,399
9,25,2013,0.006874,188,55,188,100.5,188,2.309,188,4.17,286
9,26,2013,0.0149,224,58.5,224,93.92,224,1.188,224,4.382,294
9,27,2013,0.01104,336,55.5,336,80.25,336,2.011,336,4.001,432
9,28,2013,0.01859,330,59,330,89.04,330,0.9715,330,2.608,390
9,29,2013,0.0161,448,50,448,73.19,448,1.158,448,4.152,538
9,30,2013,0.01542,342,54,342,80.14,342,1.553,342,7.42,470
10,1,2013,0.01205,315,54,315,90.79,315,1.694,315,4.073,434
10,2,2013,0.007167,294,49,294,84.98,294,2.26,294,3.576,436
10,3,2013,0.01438,331,54,331,89.89,331,1.614,331,3.822,448
10,4,2013,0.01006,237,53,237,85.96,237,1.718,237,4.471,337
10,5,2013,0.01752,332,62,332,92.8,332,0.9923,332,2.538,396
10,6,2013,0.01912,348,55,348,91.37,348,1.072,348,3.048,450
10,7,2013,0.0139,325,57,325,96.33,325,1.305,325,3.505,410
10,8,2013,0.00405,207,45,207,84.67,207,3.077,207,5.847,263
10,9,2013,0.01849,138,57.5,138,88.25,138,0.9796,138,3.245,189
10,10,2013,0.01308,103,55,103,91.53,103,1.547,103,3.57,136
10,11,2013,0.01306,124,55,124,80.81,124,1.465,124,4.013,160
10,12,2013,0.01676,141,57,141,94.17,141,1.135,141,1.832,198
10,13,2013,0.02619,153,55,153,78.43,153,0.8024,153,4.274,179
10,14,2013,0.01414,115,67,115,103.1,115,1.175,115,1.967,136
10,15,2013,0.01108,106,55.5,106,104.3,106,1.223,106,2.286,138
10,16,2013,0.01113,112,55,112,113.4,112,1.746,112,3.542,156
10,17,2013,0.01234,101,54,101,95.14,101,1.322,101,3.748,140
10,18,2013,0.01198,106,50.5,106,93.01,106,1.281,106,3.821,152
10,19,2013,0.01717,127,68,127,106.3,127,0.8818,127,1.627,157
10,20,2013,0.01941,166,52,166,78.81,166,0.9209,166,2.853,221
10,21,2013,0.01054,127,50,127,89.47,127,1.677,127,3.554,190
10,22,2013,0.01228,129,55,129,80.52,129,1.176,129,4.111,170
10,23,2013,0.01023,104,60,104,102.2,104,1.32,104,1.486,164
10,24,2013,0.007547,111,50,111,83.02,111,2.213,111,2.994,171
10,25,2013,0.01232,119,50,119,79.8,119,1.731,119,3.78,153
10,26,2013,0.01478,143,58,143,94.59,143,1.188,143,3.553,179
10,27,2013,0.02369,144,47,144,66.71,144,1.058,144,5.183,171
10,28,2013,0.0237,93,49,93,81.83,93,0.9203,93,2.099,128
10,29,2013,0.0147,103,55,103,84.9,103,1.463,103,3.867,146
10,30,2013,0.01294,108,53.5,108,85.2,108,1.593,108,2.814,163
10,31,2013,0.004395,117,48,117,80.38,117,4.574,117,4.071,163
11,1,2013,0.02308,113,60,113,85.82,113,0.9081,113,4.306,144
11,2,2013,0.02095,116,57,116,87.71,116,0.9366,116,4.429,142
11,3,2013,0.02436,115,52,115,89.82,115,0.6894,115,4.248,136
11,4,2013,0.026,116,47,116,71.57,116,0.9398,116,5.048,164
11,5,2013,0.01361,123,52,123,86.43,123,1.179,123,4.466,163
11,6,2013,0.0134,115,62,115,107,115,1.371,115,2.006,162
11,7,2013,0.006993,123,50,123,101.3,123,2.592,123,3.384,194
11,8,2013,0.008309,104,53,104,76.76,104,1.909,104,3.911,173
11,9,2013,0.008765,109,50,109,105.8,109,1.559,109,2.831,209
11,10,2013,0.01591,141,55,141,83,141,1.145,141,4.121,201
11,11,2013,0.01413,143,53,143,77.17,143,1.238,143,3.321,190
11,12,2013,0.01053,102,56,102,100.2,102,1.423,102,4.03,159
11,13,2013,0.007194,117,58,117,120.6,117,1.432,117,2.823,172
11,14,2013,0.01064,119,53,119,94.33,119,1.304,119,3.727,190
11,15,2013,0.008617,106,50.5,106,99.26,106,2.288,106,3.091,162
11,16,2013,0.01741,110,55,110,96.62,110,1.092,110,3.989,152
11,17,2013,0.01507,141,57,141,102.1,141,1.232,141,3.988,179
11,18,2013,0.01204,99,61,99,99.12,99,1.642,99,4.346,143
11,19,2013,0.01135,99,49,99,87.71,99,1.722,99,3.237,166
11,20,2013,0.009603,110,56,110,95.38,110,1.852,110,2.833,177
11,21,2013,0.007199,121,54,121,91.09,121,1.942,121,4.17,187
11,22,2013,0.01471,111,56,111,90.91,111,1.091,111,4.349,179
11,23,2013,0.01357,143,52,143,81.95,143,1.463,143,3.55,190
11,24,2013,0.01185,166,60.5,166,98.5,166,1.308,166,3.365,217
11,25,2013,0.009471,84,53.5,84,83.11,84,1.868,84,3.898,129
11,26,2013,0.0126,115,50,115,98.02,115,1.542,115,3.747,160
11,27,2013,0.006601,81,49,81,101.6,81,2.02,81,3.033,135
11,28,2013,0.006413,126,45,126,90.42,126,2.536,126,3.947,197
11,29,2013,0.01523,151,57,152,87.75,152,1.091,152,1.59,189
11,30,2013,0.008584,125,48,125,85.39,125,1.869,125,4.063,170
12,1,2013,0.01648,160,57,160,85.33,160,1.187,160,4.2,205
12,2,2013,0.00875,111,53,111,97.39,111,1.944,111,3.926,170
12,3,2013,0.008163,116,62.5,116,113.9,116,2.023,116,2.525,165
12,4,2013,0.01072,119,50,119,89.68,119,1.712,119,2.953,206
12,5,2013,0.009368,121,61,121,100.9,121,1.27,121,2.316,169
12,6,2013,0.01799,135,150,135,173.6,135,0.6242,135,0.7011,166
12,7,2013,0.02049,174,59.5,174,94.78,174,0.9114,174,0.9329,220
12,8,2013,0.007735,242,65,242,104.7,242,1.635,242,0.5777,350
12,9,2013,0.01176,121,59,121,99.63,121,1.515,121,2.328,156
12,10,2013,0.01153,152,57,152,93.9,152,1.513,152,1.149,231
12,11,2013,0.008064,126,52,126,97.23,126,1.95,126,2.729,184
12,12,2013,0.008305,118,52,118,97.32,118,1.67,118,1.754,169
12,13,2013,0.009923,115,57,115,90.28,115,2.027,115,3.945,157
12,14,2013,0.01034,146,46.5,146,73.3,146,1.931,146,4.351,208
12,15,2013,0.01576,156,51.5,156,78.8,156,1.311,156,4.271,195
12,16,2013,0.009441,120,50,120,76.89,120,2.155,120,4.345,187
12,17,2013,0.00933,122,51,122,76.02,122,1.399,122,4.28,184
12,18,2013,0.023,110,54.5,110,89.45,110,0.9397,110,4.067,153
12,19,2013,0.01927,106,52,106,80.38,106,1.278,106,2.448,142
12,20,2013,0.01511,147,55,147,82.37,147,1.362,147,3.855,187
12,21,2013,0.01532,162,58,162,89.2,162,1.21,162,3.851,206
12,22,2013,0.01401,143,64,143,97.2,143,1.047,143,2.275,209
12,23,2013,0.01653,154,52,154,74.93,154,1.394,154,4.34,194
12,24,2013,0.006063,148,50.5,148,88,148,2.485,148,3.941,200
12,25,2013,0.008375,140,54.5,140,94.55,140,2.143,140,3.779,196
12,26,2013,0.0156,167,52,167,80.6,167,1.173,167,4.218,203
12,27,2013,0.02488,152,53,152,78.07,152,0.911,152,4.831,200
12,28,2013,0.01746,145,57,145,81.39,145,0.8734,145,3.633,195
12,29,2013,0.02384,132,60.5,132,88.14,132,0.8025,132,3.578,168
12,30,2013,0.02141,141,56,141,78.76,141,0.9127,141,3.59,177
12,31,2013,0.005341,64,50.5,64,101.3,64,2.451,64,2.534,94
1,1,2014,0.02821,130,62,130,112.1,130,0.7461,130,2.26,162
1,2,2014,0.03192,228,61,228,90.04,228,0.5823,228,3.668,278
1,3,2014,0.01848,169,57,169,87.04,169,1.061,169,4.111,218
1,4,2014,0.01908,170,57,170,83.92,170,0.9355,170,4.448,204
1,5,2014,0.03046,172,54.5,172,75.71,172,0.6863,172,5.683,206
1,6,2014,0.01447,146,52,146,83.69,146,1.231,146,5.416,201
1,7,2014,0.007585,157,48,157,74.42,157,1.948,157,6.424,240
1,8,2014,0.01248,101,49,101,81.96,101,1.394,101,4.23,143
1,9,2014,0.0209,73,55,73,76.69,73,0.8471,73,3.652,124
1,10,2014,0.02401,119,57,119,77.02,119,0.9264,119,3.783,171
1,11,2014,0.0219,156,54,156,77.69,156,0.9912,156,4.348,216
1,12,2014,0.02326,171,58,171,80.3,171,0.754,171,4.266,225
1,13,2014,0.01109,132,51,132,75.13,132,1.781,132,4.271,191
1,14,2014,0.02398,203,57,203,76.71,203,0.9564,203,4.088,298
1,15,2014,0.02435,165,57,165,80.7,165,1.02,165,3.873,202
1,16,2014,0.02545,140,57,140,87.61,140,0.7612,140,3.683,180
1,17,2014,0.0198,161,55,161,83.33,161,0.9556,161,3.34,205
1,18,2014,0.03802,157,69,157,99.03,157,0.5701,157,3.971,203
1,19,2014,0.03644,151,63,151,85.16,151,0.6073,151,2.962,176
1,20,2014,0.03226,165,67,165,99.85,165,0.5976,165,2.112,209
1,21,2014,0.02562,139,58,139,84.41,139,0.8338,139,3.912,191
1,22,2014,0.01835,150,60,150,98.19,150,0.871,150,3.081,194
1,23,2014,0.01618,151,57,151,95.38,151,0.9237,151,4.383,195
1,24,2014,0.02666,142,61,142,94,142,0.7724,142,3.832,195
1,25,2014,0.03685,160,59,160,85.79,160,0.5665,160,3.986,194
1,26,2014,0.02838,145,54,145,81.02,145,0.7314,145,3.391,181
1,27,2014,0.02451,136,60,136,92.45,136,0.7996,136,4.938,174
1,28,2014,0.02544,181,63,180,92.23,180,0.8527,181,4.262,228
1,29,2014,0.03461,164,67,164,88.22,164,0.6815,164,2.765,222
1,30,2014,0.03106,172,60,172,85.43,172,0.6999,172,3.27,223
1,31,2014,0.03571,159,62,159,86.76,159,0.6177,159,2.892,198
2,1,2014,0.04025,154,57,154,88.59,154,0.5465,154,4.193,210
2,2,2014,0.02304,121,53,121,82.99,121,0.8912,121,2.834,156
2,3,2014,0.04259,160,59,160,84.64,160,0.605,160,2.467,194
2,4,2014,0.01409,124,53.5,124,83.07,124,1.453,124,4.366,176
2,5,2014,0.02866,100,53,100,90.62,100,0.6624,100,3.63,143
2,6,2014,0.02893,117,55,117,83.75,117,0.6939,117,4.393,159
2,7,2014,0.01696,121,50,121,78.38,121,1.001,121,4.03,157
2,8,2014,0.03516,142,58.5,142,84.67,142,0.6799,142,4.052,180
2,9,2014,0.03625,128,58,128,81.1,128,0.6465,128,3.273,156
2,10,2014,0.0287,112,53,112,79.85,112,0.7529,112,2.633,152
2,11,2014,0.02991,112,57,112,93,112,0.7503,112,4.156,153
2,12,2014,0.01894,120,57.5,120,81.79,120,1.083,120,4.379,158
2,13,2014,0.02215,178,50.5,178,73.34,178,1.074,178,4.368,225
2,14,2014,0.02532,123,51,123,80.46,123,0.8248,123,4.749,171
2,15,2014,0.03733,141,51,141,76.95,141,0.7111,141,3.358,172
2,16,2014,0.0421,148,56,148,74.21,148,0.6147,148,4.109,188
2,17,2014,0.04233,162,63.5,162,96.97,162,0.4893,162,3.715,194
2,18,2014,0.02936,124,55,123,88.8,123,0.7525,124,4.041,163
2,19,2014,0.03589,131,61,131,94.28,131,0.7278,131,2.839,178
2,20,2014,0.02802,151,57,151,93.75,151,0.6754,151,2.958,209
2,21,2014,0.03015,122,57,123,88.71,123,0.685,123,3.898,156
2,22,2014,0.03582,124,55,124,81.59,124,0.5795,124,4.084,148
2,23,2014,0.03801,129,58,128,93.89,128,0.5583,129,2.726,173
2,24,2014,0.03909,175,60,175,86.17,175,0.6346,175,3.674,211
2,25,2014,0.004854,74,33.5,74,123.8,74,6.358,74,4.472,157
2,26,2014,0.004053,112,29,112,113.6,112,10.44,112,4.031,248
2,27,2014,0.002505,76,24,76,89.62,76,11.29,76,4.167,205
2,28,2014,0.002846,108,32,108,103.2,108,9.01,108,1.809,233
3,1,2014,0.004568,118,29,118,92.38,118,6.175,118,3.711,237
3,2,2014,0.002583,97,27,97,104.7,97,4.481,97,2.405,195
3,3,2014,0.004023,79,44,79,101.6,79,5.922,79,2.612,168
3,4,2014,0.001809,83,25,83,83.91,83,10.2,83,4.249,178
3,5,2014,0.003061,63,39,63,126.9,63,11.62,63,2.357,135
3,6,2014,0.004051,100,37,100,122.6,100,5.256,100,1.839,192
3,7,2014,0.003123,106,44,106,119.3,106,13.6,106,4.188,201
3,8,2014,0.002434,83,32,83,110.8,83,11.26,83,3.406,190
3,9,2014,0.0028,61,33,61,101.9,61,12.73,61,4.432,140
3,10,2014,0.001502,110,44,109,100.8,109,13.68,110,4.108,198
3,11,2014,0.003756,100,43,100,125.7,100,5.074,100,2.353,187
3,12,2014,0.002926,93,46,93,100.7,93,6.533,93,3.928,149
3,13,2014,0.002856,90,44.5,90,111.1,90,18.23,90,4.428,162
3,14,2014,0.0041,85,43,85,114.4,85,6.064,85,3.527,158
3,15,2014,0.003265,70,39,70,105.2,70,7.835,70,3.813,165
3,16,2014,0.002611,103,31,103,104.7,103,12.75,103,3.457,208
3,17,2014,0.002448,67,43,67,81.17,67,14.97,67,4.348,171
3,18,2014,0.00315,109,39,109,97.97,109,10.91,109,3.661,221
3,19,2014,0.004398,83,46,83,125.4,83,16.2,83,4.389,169
3,20,2014,0.00713,70,46.5,70,126,70,6.322,70,3.004,182
3,21,2014,0.001946,101,36,101,92.65,101,11.51,101,4.402,212
3,22,2014,0.002668,94,43,94,110.6,94,14.64,94,4.361,186
3,23,2014,0.003189,90,44,90,127.7,90,8.475,90,3.942,209
3,24,2014,0.002036,84,40.5,84,118.2,84,12.52,84,2.889,183
3,25,2014,0.00604,75,47,75,117,75,5.754,75,2.113,162
3,26,2014,0.002777,94,44,94,122,94,10.81,94,4.256,220
3,27,2014,0.003026,75,43,75,99.28,75,6.499,75,3.747,171
3,28,2014,0.002505,66,44.5,66,100.4,66,6.173,66,2.669,143
3,29,2014,0.002673,80,45,80,194,80,2.452,80,0.6155,161
3,30,2014,0.002076,72,37.5,72,92.89,72,11.03,72,4.061,184
3,31,2014,0.002744,68,40.5,68,98.81,68,14.73,68,1.496,162
4,1,2014,0.002654,61,45,61,108.9,61,6.215,61,1.708,178
4,2,2014,0.001316,58,33.5,58,91.22,58,13.98,58,4.268,157
4,3,2014,0.003478,51,45,51,118.6,51,13.75,51,2.377,149
4,4,2014,0.001794,74,44,74,113.9,74,12.9,74,2.674,176
4,5,2014,0.002676,93,43,93,119,93,7.773,93,4.309,188
4,6,2014,0.001691,86,45,86,103.9,86,10.11,86,4.604,189
4,7,2014,0.002457,109,44,109,121.1,109,6.299,109,4.179,219
4,8,2014,0.002264,119,39,119,126,119,5.171,119,3.806,200
4,9,2014,0.002597,116,30,116,97.72,116,12.46,116,4.022,188
4,10,2014,0.003845,99,29,99,110.6,99,12.2,99,4.841,168
4,11,2014,0.003906,85,45,85,106.8,85,12.12,85,4.19,159
4,12,2014,0.001742,71,39,71,88.8,71,13.86,71,4.021,159
4,13,2014,0.002581,89,37,89,93.19,89,15.35,89,7.325,179
4,14,2014,0.005163,77,45,77,105.9,77,7.384,77,2.027,136
4,15,2014,0.004335,79,45,79,119.8,79,13.28,79,4.352,164
4,16,2014,0.003282,55,48,55,121.8,55,14.36,55,4.429,141
4,17,2014,0.00335,78,42,78,96.03,78,8.117,78,4.439,172
4,18,2014,0.003342,89,39,89,100.7,89,17.68,89,3.953,167
4,19,2014,0.002859,72,34,72,96.97,72,11.44,72,4.268,137
4,20,2014,0.003152,79,34,79,95.95,79,12.92,79,4.172,153
4,21,2014,0.002947,60,43,60,90.55,60,9.625,60,3.485,127
4,22,2014,0.005019,120,43.5,120,117.4,120,11.04,120,3.831,224
4,23,2014,0.006063,202,38,202,86.92,202,10.21,202,4.464,358
4,24,2014,0.007543,166,43,164,109.9,164,10.23,166,3.869,338
4,25,2014,0.003783,186,43,186,83.27,186,9.934,186,4.509,298
4,26,2014,0.004206,192,44,192,99.21,192,13.82,192,3.969,384
4,27,2014,0.005795,154,42,154,97.32,154,17.99,154,4.747,306
4,28,2014,0.003955,192,43,192,99.34,192,17.09,192,5.031,370
4,29,2014,0.003509,154,43,154,97.8,154,10.06,154,3.888,336
4,30,2014,0.007194,118,43,118,96.25,118,4.258,118,3.153,266
5,1,2014,0.003629,152,43,152,104.1,152,13.35,152,1.409,314
5,2,2014,0.002908,136,44,136,129.6,136,11.57,136,2.199,284
5,3,2014,0.00284,96,44,96,98.33,96,13.96,96,4.192,236
5,4,2014,0.002022,148,41,148,85.74,148,9.363,148,4.028,295
5,5,2014,0.001812,124,35.5,124,109,124,11.69,124,3.91,264
5,6,2014,0.001661,96,24.5,96,69.85,96,10.06,96,4.39,266
5,7,2014,0.00313,106,44,106,104.1,106,3.686,106,0.6012,264
5,8,2014,0.002938,154,29,154,100.8,154,7.709,154,2.033,350
5,9,2014,0.001595,136,22,136,107,136,14.44,136,5.568,304
5,10,2014,0.002248,110,31,110,94.12,110,8.438,110,4.067,234
5,11,2014,0.00129,142,20,142,110.6,142,12.11,142,3.158,320
5,12,2014,0.002157,105,27,105,93.17,105,7.584,105,2.061,322
5,13,2014,0.00127,124,25,124,91.29,124,13.36,124,3.851,228
5,14,2014,0.003743,90,30,90,111.3,90,8.768,90,4.167,228
5,15,2014,0.003481,88,28.5,88,90.08,88,7.423,88,1.09,274
5,16,2014,0.003659,114,21.5,114,84.52,114,12.75,114,4.007,254
5,17,2014,0.001371,117,26,117,95.57,117,14.17,117,4.369,236
5,18,2014,0.001268,83,26,83,102.3,83,17.65,83,4.186,165
5,19,2014,0.00186,82,25,82,84.47,82,15.57,82,4.042,153
5,20,2014,0.001789,66,26,66,99.85,66,20.14,66,4.47,169
5,21,2014,0.005039,64,32,64,118.7,64,11.61,64,4.221,130
5,22,2014,0.002759,71,40,71,125.1,71,11.13,71,2.156,133
5,23,2014,0.002193,63,35,63,90.89,63,13.23,63,6.266,120
5,24,2014,0.002043,99,27,99,95.48,99,19.51,99,4.383,179
5,25,2014,0.00269,55,20,55,104.3,55,12.95,55,4.105,109
5,26,2014,0.002783,72,21,72,82.87,72,14.79,72,4.192,181
5,27,2014,0.002407,98,31,98,118.9,98,14.72,98,4.353,203
5,28,2014,0.003326,66,26.5,66,113.1,66,20.49,66,4.107,143
5,29,2014,0.001373,65,23,64,96.5,64,11.92,65,4.429,125
5,30,2014,0.00289,89,22,89,79.87,89,20.05,89,4.75,175
5,31,2014,0.001768,65,23,65,98.83,65,15.34,65,4.521,142
6,1,2014,0.003498,59,28,59,124.9,59,9.532,59,3.303,155
6,2,2014,0.003936,48,26.5,48,106.3,48,11.46,48,3.837,97
6,3,2014,0.002658,54,28.5,54,101.5,54,10.93,54,4.339,96
6,4,2014,0.001078,55,20,55,93.98,55,21.96,55,10.14,97
6,5,2014,0.003959,61,29,61,110.3,61,12.78,61,4.22,114
6,6,2014,0.002951,61,25,61,99.36,61,13.2,61,4.512,111
6,7,2014,0.00412,60,48,61,112.4,61,13.03,61,4.828,119
6,8,2014,0.001309,44,21.5,44,83.9,44,19.33,44,5.107,82
6,9,2014,0.002417,50,22,50,95.83,50,13.34,50,4.775,108
6,10,2014,0.002999,62,24,62,80.05,62,15.37,62,5.595,110
6,11,2014,0.004521,57,37,57,97.77,57,16.36,57,4.608,106
6,12,2014,0.0026,63,24,63,91.14,63,22.73,63,14.51,115
6,13,2014,0.002253,57,25,57,90.71,57,20.74,57,6.104,91
6,14,2014,0.002763,51,23,51,100.7,51,23.06,51,5.401,106
6,15,2014,0.002717,46,18.5,46,109.9,46,20.99,46,6.056,87
6,16,2014,0.003908,47,40,47,109,47,17.07,47,6.438,83
6,17,2014,0.003808,37,22,37,70.32,37,15.4,37,4.132,66
6,18,2014,0.001987,42,16.5,42,77.77,42,18.64,42,4.223,77
6,19,2014,0.003587,52,62.5,52,93.76,52,12.53,52,3.956,110
6,20,2014,0.004866,54,39,54,136.5,54,5.927,54,3.581,107
6,21,2014,0.002296,63,24,63,117.5,63,14.54,63,6.295,115
6,22,2014,0.004749,56,29,56,105.2,56,6.458,56,3.749,121
6,23,2014,0.00283,59,29,59,110.5,59,15.23,59,4.014,138
6,24,2014,0.00292,68,26,68,104.9,68,12.81,68,4.153,127
6,25,2014,0.001982,57,39,57,121.1,57,8.873,57,2.101,125
6,26,2014,0.003128,68,26,68,77.47,68,14.69,68,5.126,122
6,27,2014,0.002175,86,24,86,95.44,86,11.18,86,4.762,164
6,28,2014,0.00181,60,32.5,60,97.51,60,10.01,60,2.817,135
6,29,2014,0.003482,59,39,59,121.3,59,8.097,59,4.158,139
6,30,2014,0.004004,76,29,76,100.1,76,13.96,76,4.032,148
7,1,2014,0.00173,69,23,69,93.64,69,15.47,69,4.581,130
7,2,2014,0.002189,62,26,62,100.7,62,20.31,62,5.815,102
7,3,2014,0.002907,67,23,67,107.3,67,11.16,67,4.128,125
7,4,2014,0.000792,94,15,94,73.66,94,15.42,94,4.142,156
7,5,2014,0.002846,43,23,43,108.1,43,14.42,43,5.786,97
7,6,2014,0.001843,72,26,72,98.11,72,12.46,72,5.159,130
7,7,2014,0.001859,81,25,81,85.62,81,14.57,81,7.187,150
7,8,2014,0.006431,78,37,78,123.8,78,14.92,78,2.275,154
7,9,2014,0.001595,100,25,101,84.95,101,12.89,101,5.532,187
7,10,2014,0.001466,89,24,89,103.7,89,12.23,89,3.308,173
7,11,2014,0.002995,86,25.5,86,96.29,86,19.38,86,4.277,163
7,12,2014,0.00285,102,18.5,102,60,102,14.47,102,4.514,167
7,13,2014,0.001537,64,25,64,76.52,64,14.64,64,5.081,122
7,14,2014,0.003038,88,22,88,94.88,88,14.52,88,5.431,161
7,15,2014,0.002538,74,23.5,74,73.24,74,11.25,74,4.264,144
7,16,2014,0.003074,90,22.5,90,75.44,90,14.61,90,4.401,161
7,17,2014,0.001764,76,25.5,76,92.44,76,13.43,76,5.63,111
7,18,2014,0.002911,78,26.5,78,116.2,78,13.75,78,3.923,160
7,19,2014,0.002128,116,22.5,116,92.77,116,13.6,116,3.874,242
7,20,2014,0.002648,68,26,68,78.38,68,11.79,68,4.158,109
7,21,2014,0.002187,96,23.5,96,97.07,96,15.39,96,6.724,143
7,22,2014,0.001905,84,25.5,84,94.64,84,16.19,84,10.14,141
7,23,2014,0.004842,78,36.5,78,124.4,78,10.09,78,4.123,128
7,24,2014,0.003043,80,25.5,80,97.08,80,12.02,80,3.407,130
7,25,2014,0.002075,85,28,85,84.86,85,11.75,85,4.356,161
7,26,2014,0.002591,79,25,79,114.4,79,17.23,79,4.221,147
7,27,2014,0.003561,98,25,98,74.96,98,13.78,98,3.827,177
7,28,2014,0.00381,79,29,79,86.43,79,12.54,79,3.516,131
7,29,2014,0.002069,105,26,105,90.08,105,10.75,105,3.419,188
7,30,2014,0.00213,79,24,79,104.3,79,12.67,79,2.035,148
7,31,2014,0.004745,72,35,72,86.71,72,11.75,72,3.158,125
8,1,2014,0.003579,80,30.5,80,102.4,80,11.19,80,4.356,140
8,2,2014,0.002589,88,23,88,88.26,88,12.21,88,4.024,166
8,3,2014,0.002183,89,27,89,94.75,89,9.642,89,4.264,144
8,4,2014,0.001801,75,22,76,102.6,76,10.91,76,4.322,139
8,5,2014,0.001887,82,28.5,82,86.69,82,8.991,82,4.351,145
8,6,2014,0.002716,106,25,106,74.79,106,14.08,106,10.34,186
8,7,2014,0.001788,98,25,98,88,98,10.88,98,3.545,154
8,8,2014,0.001602,69,25,69,100.6,69,11.84,69,4.025,139
8,9,2014,0.001328,85,20,85,93.05,85,13.08,85,4.125,146
8,10,2014,0.001629,67,26,67,90.01,67,14.63,67,4.041,137
8,11,2014,0.001619,106,24,106,84.02,106,15,106,4.916,165
8,12,2014,0.002536,90,38.5,90,91.37,90,13.1,90,4.281,147
8,13,2014,0.002464,95,31,95,89.78,95,11.53,95,4.574,148
8,14,2014,0.001525,90,31,90,96.87,90,14.73,90,4.422,172
8,15,2014,0.001576,93,28,93,75.81,93,11.45,93,4.242,153
8,16,2014,0.002582,72,22,72,67.61,72,16.81,72,7.242,120
8,17,2014,0.00188,72,25,72,83.95,72,11.21,72,4.473,137
8,18,2014,0.00252,96,25,96,112.6,96,7.729,96,4.229,144
8,19,2014,0.003725,86,34,86,86.26,86,15.8,86,3.413,155
8,20,2014,0.002339,103,30,103,105.7,103,14.69,103,6.153,164
8,21,2014,0.002566,78,32.5,78,118.7,78,8.513,78,3.051,144
8,22,2014,0.002024,106,30.5,106,99.83,106,9.386,106,3.945,172
8,23,2014,0.004964,89,27,89,97.57,89,6.232,89,2.93,160
8,24,2014,0.001841,92,23,92,74.68,92,12.66,92,4.46,162
8,25,2014,0.001797,96,30.5,96,93.32,96,12.59,96,4.28,191
8,26,2014,0.001607,113,24,113,91.6,113,12.48,113,5.217,183
8,27,2014,0.001211,111,25,111,82,111,12.24,111,4.392,188
8,28,2014,0.001924,57,25,57,75.85,57,17.59,57,4.18,122
8,29,2014,0.001776,78,28.5,78,109.6,78,10.23,78,3.212,141
8,30,2014,0.002432,80,23.5,80,85.27,80,12.92,80,4.995,141
8,31,2014,0.003967,106,33.5,106,103.2,106,10.8,106,4.481,185
9,1,2014,0.00261,94,24,94,75.1,94,10.48,94,5.663,151
9,2,2014,0.004017,103,27,103,67.41,103,10.04,103,8.768,162
9,3,2014,0.002521,108,27,108,53.42,108,10.01,108,10.22,168
9,4,2014,0.001977,111,27,111,87.05,111,10.82,111,4.35,190
9,5,2014,0.001122,92,20,92,71.66,92,16.11,92,9.797,158
9,6,2014,0.001696,86,22,86,80.51,86,16.23,86,7.398,146
9,7,2014,0.001061,96,21.5,96,71.41,96,21.59,96,9.823,168
9,8,2014,0.001496,92,19.5,92,57.21,92,14.45,92,10.36,159
9,9,2014,0.002657,105,30,105,98.62,105,16.3,105,4.677,185
9,10,2014,0.001984,79,24,79,79.25,79,11.32,79,3.929,137
9,11,2014,0.002686,85,31,85,93.11,85,11.37,85,4.441,144
9,12,2014,0.001472,71,24,71,84.92,71,15.29,71,4.533,125
9,13,2014,0.001423,72,23,72,89.36,72,13.42,72,4.028,125
9,14,2014,0.001886,80,28,80,104.1,80,10.31,80,4.073,140
9,15,2014,0.001958,57,25,57,74.43,57,20.87,57,12.69,103
9,16,2014,0.002152,75,24,75,81.69,75,9.293,75,8.103,117
9,17,2014,0.001328,94,14,94,79.2,94,17.81,94,8.7,160
9,18,2014,0.00164,81,14,81,87.35,81,14.67,81,10.84,141
9,19,2014,0.00247,104,16,104,71.44,104,14.85,104,4.566,164
9,20,2014,0.002373,147,14,147,84.05,147,10.97,147,5.498,217
9,21,2014,0.00216,78,12,78,53.98,78,13.86,78,8.358,125
9,22,2014,0.002799,82,14.5,82,99.09,82,12.58,82,3.222,138
9,23,2014,0.001991,72,11,72,71.83,72,13.45,72,6.551,134
9,24,2014,0.001842,47,15,47,80,47,14.83,47,5.134,78
