year,month,hour,average_rtt,average_rtt_n,download_throughput,download_throughput_n,minimum_rtt,minimum_rtt_n,packet_retransmit_rate,packet_retransmit_rate_n,upload_throughput,upload_throughput_n
2012,1,0,35.4,121,11.853,121,12.0,121,0.000894,121,1.714,200
2012,1,1,34.1,95,11.675,95,12.0,95,0.001086,95,1.689,180
2012,1,2,37.9,50,13.327,50,12.0,50,0.001314,50,1.684,91
2012,1,3,38.0,37,12.153,37,13.0,37,0.001297,37,1.689,91
2012,1,4,32.3,19,14.539,20,12.0,19,0.001702,20,1.683,48
2012,1,5,33.9,22,16.367,22,11.5,22,0.000337,22,1.711,48
2012,1,6,42.9,27,12.690,27,14.0,27,0.000793,27,1.691,43
2012,1,7,40.5,31,13.803,31,12.0,31,0.000784,31,1.713,48
2012,1,8,34.6,49,13.634,49,13.0,49,0.000850,49,1.690,120
2012,1,9,32.7,71,16.493,71,12.0,71,0.000929,71,1.702,124
2012,1,10,33.5,81,14.366,81,12.0,81,0.000949,81,1.709,150
2012,1,11,34.3,87,15.142,87,13.0,87,0.001532,87,1.716,170
2012,1,12,37.3,164,11.975,164,12.0,164,0.001176,164,1.720,237
2012,1,13,34.0,130,11.405,130,12.0,130,0.001136,130,1.688,217
2012,1,14,33.2,165,11.673,165,12.0,165,0.001063,164,1.691,256
2012,1,15,34.7,145,12.174,145,12.0,145,0.001093,144,1.722,250
2012,1,16,36.1,169,11.117,169,12.0,169,0.001061,169,1.711,287
2012,1,17,39.5,216,11.283,216,13.0,216,0.001308,216,1.688,345
2012,1,18,36.4,203,10.189,203,12.0,203,0.001138,203,1.686,328
2012,1,19,35.2,239,10.508,239,12.0,239,0.001373,239,1.687,345
2012,1,20,40.3,252,10.440,252,12.0,252,0.001231,252,1.670,378
2012,1,21,39.8,258,8.522,258,14.0,258,0.001826,258,1.680,370
2012,1,22,43.5,228,9.967,228,13.0,228,0.001206,228,1.686,342
2012,1,23,38.6,194,9.071,194,13.0,194,0.001490,194,1.682,299
2012,2,0,37.2,137,13.568,137,12.0,137,0.001407,137,1.688,277
2012,2,1,36.2,95,13.397,95,12.0,95,0.001506,95,1.689,180
2012,2,2,34.3,69,15.072,69,12.0,69,0.001574,69,1.689,124
2012,2,3,35.5,54,12.653,54,12.5,54,0.000999,54,1.728,106
2012,2,4,33.3,43,17.404,43,12.0,43,0.000817,43,1.688,76
2012,2,5,47.4,34,11.459,34,13.0,34,0.001810,34,1.728,64
2012,2,6,34.0,22,17.333,22,12.0,22,0.000614,22,1.688,60
2012,2,7,29.1,40,16.685,40,12.0,40,0.000852,40,1.687,91
2012,2,8,37.0,59,16.883,59,12.0,59,0.000946,59,1.689,133
2012,2,9,33.6,72,17.331,72,12.0,72,0.000862,72,1.687,167
2012,2,10,35.3,109,15.191,109,12.0,109,0.000857,109,1.689,211
2012,2,11,34.6,112,15.500,112,12.0,112,0.001019,112,1.686,224
2012,2,12,36.3,148,14.993,148,12.0,148,0.001009,148,1.689,265
2012,2,13,36.4,126,12.307,126,12.0,126,0.000854,126,1.725,242
2012,2,14,37.1,141,12.604,141,13.0,141,0.001335,141,1.688,281
2012,2,15,36.8,154,13.895,154,12.0,154,0.001047,154,1.691,307
2012,2,16,39.9,191,12.991,191,12.0,191,0.001055,191,1.688,354
2012,2,17,40.5,211,13.515,211,12.0,211,0.001139,210,1.688,386
2012,2,18,38.3,211,12.841,211,12.0,211,0.001310,211,1.687,389
2012,2,19,38.2,263,12.071,263,12.0,263,0.000921,263,1.687,450
2012,2,20,40.3,286,11.951,286,12.0,286,0.000907,286,1.681,469
2012,2,21,41.2,284,12.426,284,12.0,284,0.001058,284,1.685,458
2012,2,22,38.9,259,12.658,259,12.0,259,0.001336,259,1.688,418
2012,2,23,43.3,204,10.317,204,12.0,204,0.001422,204,1.687,344
2012,3,0,37.9,156,13.184,156,12.0,156,0.001157,156,1.688,314
2012,3,1,35.4,105,13.379,105,12.0,105,0.001357,105,1.689,240
2012,3,2,32.9,54,14.953,54,12.0,54,0.000997,54,1.708,135
2012,3,3,37.5,47,16.187,47,12.0,47,0.000863,47,1.685,118
2012,3,4,33.4,33,12.930,33,12.0,33,0.001630,33,1.648,81
2012,3,5,35.4,30,19.062,30,11.5,30,0.000781,30,1.689,61
2012,3,6,37.1,36,18.740,36,12.0,36,0.000690,36,1.718,72
2012,3,7,33.3,40,13.821,40,12.0,40,0.001713,40,1.689,101
2012,3,8,32.4,55,18.049,55,11.0,55,0.000949,55,1.689,121
2012,3,9,31.8,89,18.433,89,11.0,89,0.000713,89,1.719,175
2012,3,10,34.0,89,15.773,89,12.0,89,0.001108,89,1.717,203
2012,3,11,34.2,99,14.984,99,12.0,99,0.001035,99,1.686,213
2012,3,12,39.6,111,10.645,111,12.0,111,0.001537,111,1.726,237
2012,3,13,36.4,156,13.917,156,12.0,156,0.001031,156,1.685,294
2012,3,14,32.7,131,16.236,131,12.0,131,0.000621,130,1.688,238
2012,3,15,37.7,152,13.959,152,12.0,152,0.001192,152,1.683,272
2012,3,16,38.2,164,13.952,164,12.0,164,0.001094,164,1.686,316
2012,3,17,36.0,167,14.215,167,12.0,167,0.001289,167,1.684,336
2012,3,18,37.6,189,14.275,189,12.0,189,0.000944,189,1.687,345
2012,3,19,36.2,237,13.231,237,12.0,237,0.001372,237,1.666,407
2012,3,20,39.2,240,12.693,240,12.0,240,0.001085,240,1.687,420
2012,3,21,45.9,252,12.025,252,13.0,252,0.001305,252,1.684,421
2012,3,22,40.3,256,14.506,256,12.0,256,0.001167,256,1.676,425
2012,3,23,39.6,189,13.368,189,12.0,189,0.001134,187,1.687,364
2012,4,0,39.4,129,13.490,129,12.0,129,0.001213,129,1.684,254
2012,4,1,36.1,105,13.383,105,12.0,105,0.001478,105,1.684,198
2012,4,2,35.4,64,16.780,64,12.0,64,0.000823,64,1.721,139
2012,4,3,35.3,36,17.481,36,12.5,36,0.000816,36,1.683,78
2012,4,4,34.7,31,18.239,31,11.0,31,0.000798,31,1.723,62
2012,4,5,33.1,25,19.155,25,12.0,25,0.000947,25,1.694,50
2012,4,6,31.8,24,16.548,24,13.0,24,0.000694,24,1.722,56
2012,4,7,35.3,38,16.465,38,13.0,38,0.001474,38,1.722,90
2012,4,8,33.8,57,17.967,57,12.0,57,0.000709,57,1.723,130
2012,4,9,33.9,81,17.019,81,12.0,81,0.001121,81,1.686,160
2012,4,10,34.2,129,14.561,129,12.0,129,0.000933,129,1.722,225
2012,4,11,34.5,118,16.667,118,12.0,118,0.000844,118,1.716,227
2012,4,12,37.9,125,13.869,125,12.0,125,0.001383,125,1.685,230
2012,4,13,36.2,141,14.742,141,12.0,141,0.001221,141,1.688,235
2012,4,14,35.6,124,15.609,124,12.0,124,0.001111,124,1.697,236
2012,4,15,36.4,158,13.733,158,12.0,158,0.001486,158,1.686,265
2012,4,16,38.0,150,15.206,150,12.0,150,0.001068,149,1.684,278
2012,4,17,36.2,141,14.280,141,12.0,141,0.001009,141,1.687,260
2012,4,18,36.7,178,15.350,178,12.0,178,0.000966,178,1.685,330
2012,4,19,39.7,218,13.136,218,12.0,218,0.001412,218,1.683,379
2012,4,20,37.5,220,13.809,220,12.0,220,0.001130,220,1.686,377
2012,4,21,37.2,262,11.420,262,12.0,262,0.001217,262,1.685,410
2012,4,22,38.4,215,13.214,215,12.0,215,0.000905,215,1.685,380
2012,4,23,37.2,203,13.067,203,12.0,203,0.001009,203,1.686,330
2012,5,0,37.5,132,15.219,132,13.0,132,0.000884,132,1.687,265
2012,5,1,35.3,108,16.918,108,12.0,108,0.000988,108,1.704,212
2012,5,2,36.8,85,15.429,85,13.0,85,0.001290,85,1.710,151
2012,5,3,33.2,45,15.386,45,13.0,45,0.001293,45,1.690,89
2012,5,4,37.1,31,15.409,31,13.0,31,0.000672,31,1.698,70
2012,5,5,37.5,43,13.419,43,14.0,43,0.000672,43,1.683,83
2012,5,6,30.9,25,14.827,25,12.0,25,0.000667,25,1.686,63
2012,5,7,33.8,39,17.111,39,12.0,39,0.000792,39,1.684,81
2012,5,8,37.5,61,18.193,61,12.0,61,0.000781,61,1.720,127
2012,5,9,34.6,77,18.300,77,12.0,77,0.001059,77,1.685,151
2012,5,10,33.5,93,15.261,93,13.0,93,0.001005,93,1.716,182
2012,5,11,34.8,105,14.624,105,13.0,105,0.000998,105,1.710,220
2012,5,12,35.4,140,15.404,140,12.5,140,0.001139,140,1.686,248
2012,5,13,38.0,124,14.785,124,13.0,124,0.001206,124,1.683,235
2012,5,14,36.0,147,15.614,147,12.0,147,0.001016,147,1.688,302
2012,5,15,36.7,143,13.724,143,13.0,143,0.001267,143,1.683,275
2012,5,16,35.4,151,15.729,151,13.0,151,0.000921,151,1.685,299
2012,5,17,39.5,187,13.271,187,13.0,187,0.000992,187,1.647,346
2012,5,18,39.0,186,13.835,186,13.0,186,0.001387,186,1.676,346
2012,5,19,40.3,204,14.850,204,13.0,204,0.001199,203,1.684,362
2012,5,20,40.6,227,13.004,227,13.0,227,0.001118,227,1.683,401
2012,5,21,41.5,232,14.439,232,13.0,232,0.000905,232,1.684,405
2012,5,22,41.5,257,12.650,257,14.0,257,0.001240,257,1.684,429
2012,5,23,38.6,204,13.031,204,13.0,204,0.001173,204,1.687,360
2012,6,0,38.3,135,13.804,135,12.0,135,0.001147,135,1.686,247
2012,6,1,33.8,113,13.322,113,12.0,113,0.000997,113,1.686,213
2012,6,2,36.5,65,14.292,65,12.0,65,0.000901,65,1.687,128
2012,6,3,32.4,36,17.371,36,12.0,36,0.000642,36,1.722,73
2012,6,4,37.4,40,19.429,40,12.0,40,0.001291,40,1.682,71
2012,6,5,35.0,26,19.850,26,13.0,26,0.000734,26,1.723,54
2012,6,6,35.2,38,14.816,38,13.0,38,0.001686,38,1.685,87
2012,6,7,32.6,39,18.403,39,13.0,39,0.000617,39,1.688,78
2012,6,8,35.1,59,17.472,59,12.0,59,0.000878,59,1.687,118
2012,6,9,34.2,68,16.854,68,12.0,68,0.000922,68,1.686,151
2012,6,10,37.4,114,13.949,114,13.0,114,0.001426,114,1.689,219
2012,6,11,37.2,107,17.392,107,12.0,107,0.001089,107,1.704,208
2012,6,12,37.2,101,14.997,101,12.0,101,0.001053,101,1.683,194
2012,6,13,37.2,117,13.828,117,12.0,117,0.000879,117,1.684,255
2012,6,14,38.0,147,13.856,147,12.0,147,0.000931,147,1.722,276
2012,6,15,37.4,155,14.019,155,12.0,155,0.001193,155,1.720,276
2012,6,16,36.3,154,13.507,154,12.0,154,0.001164,154,1.719,295
2012,6,17,36.4,169,15.164,169,13.0,169,0.001133,168,1.678,320
2012,6,18,40.4,172,11.070,172,12.0,172,0.001467,172,1.686,336
2012,6,19,43.3,193,11.696,193,13.0,193,0.001584,193,1.685,346
2012,6,20,39.9,236,13.102,236,13.0,236,0.001005,236,1.682,415
2012,6,21,43.5,214,12.843,214,14.0,214,0.001429,214,1.684,434
2012,6,22,41.2,214,14.212,214,13.0,214,0.001141,214,1.687,387
2012,6,23,46.3,191,10.306,191,13.0,191,0.001334,191,1.683,348
2012,7,0,37.9,162,11.934,162,12.0,162,0.001065,162,1.695,309
2012,7,1,33.1,120,15.015,120,12.0,120,0.000986,120,1.685,232
2012,7,2,32.7,74,15.419,74,11.0,74,0.000925,74,1.706,146
2012,7,3,35.6,46,16.207,46,11.5,46,0.000858,46,1.689,97
2012,7,4,33.7,45,15.425,45,12.0,45,0.001554,45,1.722,83
2012,7,5,36.3,32,17.883,32,12.0,32,0.000729,32,1.728,56
2012,7,6,32.5,26,14.934,26,12.0,26,0.001013,26,1.687,58
2012,7,7,35.4,29,17.157,29,12.0,29,0.000892,29,1.707,75
2012,7,8,34.2,74,16.013,74,12.0,74,0.001059,74,1.683,120
2012,7,9,36.8,68,15.167,68,12.0,68,0.001024,68,1.687,168
2012,7,10,35.8,98,14.777,98,12.0,98,0.001534,98,1.684,195
2012,7,11,35.1,131,16.223,131,11.0,131,0.000919,131,1.688,260
2012,7,12,39.2,133,14.337,133,12.0,133,0.000948,133,1.684,264
2012,7,13,37.0,146,14.798,146,12.0,146,0.001082,146,1.684,320
2012,7,14,33.2,146,15.321,146,12.0,146,0.000899,146,1.687,298
2012,7,15,37.5,170,14.115,170,12.0,170,0.001086,170,1.686,325
2012,7,16,37.2,173,13.201,173,12.0,173,0.000909,173,1.685,318
2012,7,17,39.6,188,13.390,188,12.0,188,0.001088,188,1.687,337
2012,7,18,37.7,195,14.719,195,12.0,195,0.001112,195,1.688,346
2012,7,19,40.6,208,14.123,208,12.0,208,0.001115,208,1.685,385
2012,7,20,37.7,242,15.180,242,12.0,242,0.000964,242,1.686,442
2012,7,21,38.0,228,13.469,228,12.0,228,0.001267,228,1.682,397
2012,7,22,39.5,211,14.249,211,12.0,211,0.000758,211,1.686,391
2012,7,23,39.1,196,12.995,196,12.0,196,0.001177,196,1.683,356
2012,8,0,36.0,224,14.446,224,12.0,224,0.000896,224,1.687,371
2012,8,1,38.0,148,15.778,148,12.0,148,0.001015,148,1.689,265
2012,8,2,35.2,68,16.277,68,12.0,68,0.000908,68,1.686,149
2012,8,3,38.7,40,11.902,40,12.5,40,0.001293,40,1.683,86
2012,8,4,36.5,42,13.500,42,12.0,42,0.001171,41,1.688,90
2012,8,5,35.4,33,16.392,33,12.0,33,0.001656,33,1.688,65
2012,8,6,33.6,39,16.257,39,12.0,39,0.000572,39,1.686,84
2012,8,7,30.0,50,15.753,50,12.0,50,0.001087,50,1.706,97
2012,8,8,32.8,71,17.347,71,12.0,71,0.000840,71,1.720,143
2012,8,9,35.6,110,15.794,110,12.0,110,0.000938,110,1.687,200
2012,8,10,35.6,118,15.480,118,12.0,118,0.000996,118,1.685,243
2012,8,11,36.7,151,13.795,151,12.0,151,0.001421,151,1.686,279
2012,8,12,34.3,179,14.851,179,12.0,179,0.001004,179,1.687,300
2012,8,13,35.8,178,15.877,178,12.0,178,0.001316,178,1.717,316
2012,8,14,39.0,172,14.042,172,12.0,172,0.001246,172,1.687,294
2012,8,15,37.3,174,15.739,174,12.0,174,0.001022,174,1.687,282
2012,8,16,39.6,167,14.729,167,12.0,167,0.000771,167,1.687,329
2012,8,17,38.2,172,15.095,172,12.0,172,0.000729,172,1.702,320
2012,8,18,37.2,216,15.325,216,12.0,216,0.001026,216,1.687,389
2012,8,19,36.2,206,13.647,206,12.0,206,0.001079,206,1.687,363
2012,8,20,35.4,275,16.049,275,12.0,275,0.000937,275,1.686,438
2012,8,21,38.1,262,13.057,262,12.0,262,0.001028,262,1.687,443
2012,8,22,36.2,278,14.523,278,12.0,278,0.000943,278,1.685,429
2012,8,23,37.0,282,15.160,282,12.0,282,0.001045,282,1.689,430
2012,9,0,37.4,163,13.514,163,12.0,163,0.001017,163,1.686,256
2012,9,1,34.3,105,14.790,105,12.0,105,0.001191,105,1.724,190
2012,9,2,33.5,68,16.630,68,12.0,68,0.000959,68,1.686,117
2012,9,3,33.5,50,15.691,50,12.0,50,0.001246,50,1.689,81
2012,9,4,35.0,28,16.685,28,12.0,28,0.001114,28,1.683,55
2012,9,5,33.7,25,20.687,25,12.0,25,0.000651,25,1.726,52
2012,9,6,32.6,24,17.476,24,11.5,24,0.001240,24,1.686,66
2012,9,7,34.9,25,17.203,25,12.0,25,0.000578,25,1.687,70
2012,9,8,33.8,50,17.185,50,12.0,50,0.000809,50,1.687,105
2012,9,9,36.0,84,17.658,84,12.0,84,0.000855,84,1.688,173
2012,9,10,37.9,80,15.440,80,12.0,80,0.000916,80,1.686,186
2012,9,11,33.9,106,16.310,106,12.0,106,0.000969,106,1.705,194
2012,9,12,39.3,120,15.460,120,12.0,120,0.000994,120,1.686,249
2012,9,13,34.9,137,15.498,137,12.0,137,0.001160,137,1.715,232
2012,9,14,35.4,145,16.257,145,12.0,145,0.001117,145,1.686,226
2012,9,15,35.1,136,16.408,136,12.0,136,0.000942,136,1.686,257
2012,9,16,37.5,118,14.937,118,12.0,118,0.001127,118,1.684,257
2012,9,17,38.8,152,15.484,152,12.0,152,0.000969,152,1.687,273
2012,9,18,36.3,191,13.705,191,12.0,191,0.001229,191,1.682,315
2012,9,19,35.6,207,15.826,207,12.0,207,0.000897,207,1.687,362
2012,9,20,36.8,219,13.829,219,12.0,219,0.001046,219,1.683,322
2012,9,21,35.8,262,14.793,262,12.0,262,0.000758,261,1.688,396
2012,9,22,37.3,215,11.895,215,12.0,215,0.000901,215,1.686,330
2012,9,23,33.8,195,16.086,195,12.0,195,0.000919,195,1.688,326
2012,10,0,38.3,60,15.621,60,12.0,60,0.001209,60,1.688,120
2012,10,1,41.2,46,16.900,46,12.0,46,0.000771,46,1.687,94
2012,10,2,32.8,28,18.974,28,11.0,28,0.001135,28,1.723,60
2012,10,3,34.2,21,17.989,21,12.0,21,0.000786,21,1.688,44
2012,10,4,32.0,9,17.114,9,12.0,9,0.000946,9,1.686,23
2012,10,5,33.6,11,17.033,11,12.0,11,0.000404,11,1.686,21
2012,10,6,39.0,10,15.585,10,12.0,10,0.000801,10,1.686,28
2012,10,7,36.0,13,20.095,13,11.0,13,0.001016,13,1.725,35
2012,10,8,33.9,25,17.770,25,12.0,25,0.000735,25,1.688,47
2012,10,9,34.2,42,16.088,42,11.0,42,0.001250,42,1.718,72
2012,10,10,34.5,35,19.480,35,11.0,35,0.001726,35,1.727,78
2012,10,11,36.9,48,17.970,48,12.0,48,0.000389,48,1.696,88
2012,10,12,33.2,56,14.897,56,12.0,56,0.001887,56,1.687,102
2012,10,13,40.0,58,13.637,58,12.0,58,0.001156,58,1.727,101
2012,10,14,32.8,67,17.764,67,12.0,67,0.000870,67,1.683,106
2012,10,15,38.2,67,12.316,67,12.0,67,0.000794,67,1.686,111
2012,10,16,36.0,88,14.665,88,12.0,88,0.001444,88,1.687,157
2012,10,17,40.1,86,15.255,86,12.0,86,0.001497,86,1.687,152
2012,10,18,40.3,82,14.585,82,12.0,82,0.000808,82,1.687,142
2012,10,19,36.2,82,15.392,82,12.0,82,0.000894,82,1.687,160
2012,10,20,32.8,103,17.059,103,12.0,103,0.000849,103,1.687,154
2012,10,21,38.5,104,15.192,104,12.0,104,0.000826,104,1.686,166
2012,10,22,36.8,86,14.311,86,12.0,86,0.001064,86,1.687,140
2012,10,23,34.7,60,12.886,60,11.0,60,0.001508,60,1.685,127
2012,11,0,37.8,93,15.201,93,12.0,93,0.001335,93,1.687,155
2012,11,1,39.0,52,15.839,52,12.0,52,0.001342,52,1.687,92
2012,11,2,30.1,29,14.218,29,12.0,29,0.001231,29,1.649,69
2012,11,3,43.6,28,11.133,28,12.0,28,0.001295,28,1.688,46
2012,11,4,38.0,18,17.692,18,12.0,18,0.000655,18,1.707,36
2012,11,5,37.9,14,15.216,14,12.0,14,0.001547,14,1.719,28
2012,11,6,53.5,34,11.096,34,12.0,34,0.000696,34,1.670,60
2012,11,7,37.6,22,14.631,22,12.0,22,0.001765,22,1.688,46
2012,11,8,36.0,41,17.426,41,11.0,41,0.000767,41,1.687,83
2012,11,9,34.0,46,16.807,46,12.0,46,0.000925,46,1.728,90
2012,11,10,38.5,43,13.545,43,12.0,43,0.001355,43,1.689,93
2012,11,11,38.2,76,14.831,76,12.0,76,0.001133,76,1.689,124
2012,11,12,40.3,61,14.714,61,12.0,61,0.001048,61,1.688,120
2012,11,13,35.1,65,16.884,65,12.0,65,0.000623,65,1.688,133
2012,11,14,40.8,50,13.805,50,12.0,50,0.001169,50,1.688,124
2012,11,15,38.2,73,14.211,73,12.0,73,0.000892,73,1.689,147
2012,11,16,35.1,101,16.855,101,12.0,101,0.000889,101,1.688,163
2012,11,17,35.5,103,15.431,103,12.0,103,0.000818,103,1.687,164
2012,11,18,36.6,103,14.426,103,12.0,103,0.001156,103,1.649,206
2012,11,19,40.5,134,14.022,134,12.0,134,0.001215,134,1.687,207
2012,11,20,34.8,118,15.292,118,11.5,118,0.000894,118,1.687,205
2012,11,21,36.8,113,15.870,113,11.0,113,0.000690,113,1.688,193
2012,11,22,40.0,134,13.903,134,11.0,134,0.000890,134,1.684,229
2012,11,23,37.5,102,15.464,102,12.0,102,0.001314,102,1.688,189
2012,12,0,36.8,116,14.894,116,12.0,116,0.000989,115,1.689,198
2012,12,1,36.1,84,15.618,84,12.0,84,0.000903,84,1.727,161
2012,12,2,36.1,54,15.441,54,12.0,54,0.001572,54,1.727,107
2012,12,3,35.6,46,17.102,46,11.0,46,0.000584,46,1.727,80
2012,12,4,32.1,31,16.362,31,11.0,31,0.000966,31,1.689,51
2012,12,5,34.5,16,15.143,16,12.5,16,0.000927,16,1.689,56
2012,12,6,36.8,38,16.892,38,11.0,38,0.000402,38,1.707,78
2012,12,7,37.0,21,16.027,21,10.0,21,0.000867,21,1.727,55
2012,12,8,41.8,40,14.730,40,12.0,40,0.001060,39,1.727,88
2012,12,9,37.0,65,16.760,65,12.0,65,0.000974,65,1.688,135
2012,12,10,35.7,64,15.397,64,12.0,64,0.001242,64,1.727,144
2012,12,11,40.4,79,15.097,79,12.0,79,0.000860,79,1.702,132
2012,12,12,36.8,96,16.504,96,11.0,96,0.000939,96,1.688,184
2012,12,13,35.4,102,14.746,102,12.0,102,0.001673,102,1.688,201
2012,12,14,34.4,105,15.730,105,11.0,105,0.000956,105,1.689,223
2012,12,15,37.4,108,15.290,108,12.0,108,0.001020,108,1.725,218
2012,12,16,35.9,103,15.153,103,11.0,103,0.000701,103,1.689,203
2012,12,17,37.5,141,14.611,141,12.0,141,0.000702,141,1.686,250
2012,12,18,39.8,155,13.824,155,12.0,155,0.000901,155,1.694,270
2012,12,19,39.5,178,15.183,178,12.0,178,0.001149,177,1.688,284
2012,12,20,35.9,143,15.841,143,12.0,143,0.000830,143,1.687,253
2012,12,21,38.0,168,15.269,168,12.0,168,0.000834,168,1.688,264
2012,12,22,40.7,188,12.818,188,12.0,188,0.001242,188,1.688,310
2012,12,23,39.5,160,14.204,160,12.0,160,0.001104,160,1.687,264
2013,1,0,38.0,75,14.960,75,12.0,75,0.001024,75,1.658,134
2013,1,1,42.3,44,14.188,44,12.0,44,0.001104,44,1.667,106
2013,1,2,40.6,25,14.566,25,12.0,25,0.000784,25,1.688,74
2013,1,3,41.8,30,16.596,30,11.5,30,0.000855,30,1.688,78
2013,1,4,36.5,12,12.018,12,10.0,12,0.001236,12,1.728,33
2013,1,5,41.0,24,15.266,24,13.0,24,0.000843,24,1.688,41
2013,1,6,37.2,19,16.479,19,11.0,19,0.000664,19,1.689,46
2013,1,7,44.1,22,11.042,22,12.0,22,0.001220,22,1.687,49
2013,1,8,46.8,20,16.318,20,12.0,20,0.001321,20,1.728,46
2013,1,9,32.8,32,16.867,32,11.0,32,0.000564,32,1.686,74
2013,1,10,38.0,37,17.299,37,11.0,37,0.000882,37,1.727,75
2013,1,11,35.7,70,17.228,70,12.0,70,0.000770,70,1.688,140
2013,1,12,33.4,66,13.590,66,12.0,66,0.001457,66,1.688,131
2013,1,13,38.2,57,16.326,57,12.0,57,0.000929,56,1.688,113
2013,1,14,40.0,60,14.196,60,12.0,60,0.001074,60,1.712,127
2013,1,15,38.7,104,14.510,104,11.0,104,0.001044,103,1.697,162
2013,1,16,39.5,76,15.474,76,12.0,76,0.001153,76,1.688,129
2013,1,17,40.8,97,15.055,97,12.0,97,0.001168,97,1.723,164
2013,1,18,40.3,108,13.729,108,12.0,108,0.001498,108,1.687,192
2013,1,19,34.0,125,15.679,125,11.0,125,0.000847,125,1.688,211
2013,1,20,38.3,143,14.503,143,12.0,143,0.000955,143,1.688,228
2013,1,21,39.2,136,15.466,136,12.0,136,0.000591,136,1.688,229
2013,1,22,38.7,127,14.940,127,12.0,127,0.000811,127,1.687,200
2013,1,23,37.9,118,16.040,118,12.0,118,0.000751,118,1.687,190
2013,2,0,40.0,33,17.154,33,12.0,33,0.000344,33,1.725,63
2013,2,1,36.2,29,15.974,29,12.0,29,0.000697,29,1.688,51
2013,2,2,38.0,9,14.506,9,12.0,9,0.002383,9,1.567,25
2013,2,3,26.1,11,11.614,11,11.0,11,0.001647,11,1.687,19
2013,2,4,45.5,5,21.375,5,11.0,5,0.001747,5,1.607,20
2013,2,5,51.9,7,12.273,7,12.0,7,0.001161,7,1.664,16
2013,2,6,39.2,4,16.342,4,9.5,4,0.000169,4,1.699,18
2013,2,7,38.6,3,11.777,3,12.0,3,0.002809,3,1.647,17
2013,2,8,35.2,17,16.630,17,12.0,17,0.000934,17,1.686,34
2013,2,9,42.9,24,13.501,24,12.0,24,0.002136,24,1.687,40
2013,2,10,35.9,22,14.738,22,13.5,22,0.000922,22,1.721,47
2013,2,11,34.1,14,15.780,14,12.0,14,0.000433,14,1.685,49
2013,2,12,37.6,26,15.955,26,12.0,26,0.000976,26,1.726,49
2013,2,13,41.6,43,15.835,43,13.0,43,0.001564,43,1.686,84
2013,2,14,40.7,35,15.949,35,12.0,35,0.001039,35,1.704,79
2013,2,15,37.2,37,16.635,37,12.0,37,0.000784,37,1.687,73
2013,2,16,38.3,50,16.042,50,12.0,50,0.001093,50,1.687,74
2013,2,17,35.5,47,16.585,47,11.0,47,0.001099,47,1.688,73
2013,2,18,34.7,56,16.469,56,12.0,56,0.000765,56,1.687,92
2013,2,19,36.7,57,15.197,57,12.0,57,0.001027,57,1.647,87
2013,2,20,37.8,59,14.305,59,12.0,59,0.001195,59,1.648,97
2013,2,21,34.3,72,15.602,72,11.0,72,0.000829,72,1.688,97
2013,2,22,36.6,47,15.247,47,12.0,47,0.000652,47,1.725,61
2013,2,23,36.0,49,16.631,49,12.0,49,0.000460,49,1.686,82
2013,3,0,42.4,62,14.717,62,12.0,62,0.000901,62,1.686,102
2013,3,1,38.6,34,17.514,34,12.0,34,0.001071,34,1.725,94
2013,3,2,40.5,32,13.950,32,12.0,32,0.001598,32,1.682,63
2013,3,3,41.8,25,15.644,25,12.0,25,0.001671,25,1.685,51
2013,3,4,35.1,24,17.796,24,11.0,24,0.000803,24,1.684,49
2013,3,5,40.1,15,17.563,15,12.0,15,0.000654,15,1.931,24
2013,3,6,50.7,18,15.615,18,12.0,18,0.000845,18,1.685,38
2013,3,7,33.9,23,17.223,23,12.0,23,0.001045,23,1.685,52
2013,3,8,40.2,34,16.652,34,12.0,34,0.000879,34,1.685,76
2013,3,9,38.5,31,17.492,31,12.0,31,0.001159,31,1.686,76
2013,3,10,36.2,49,15.941,49,12.0,49,0.000993,49,1.685,104
2013,3,11,37.4,65,17.142,65,11.0,65,0.000941,65,1.686,118
2013,3,12,38.1,59,16.206,59,12.0,59,0.001077,59,1.684,111
2013,3,13,44.2,63,16.355,63,12.0,63,0.001088,63,1.724,114
2013,3,14,35.8,67,14.772,67,12.0,67,0.001514,67,1.721,125
2013,3,15,38.6,89,15.442,89,12.0,89,0.000910,89,1.685,131
2013,3,16,32.9,72,14.537,72,12.0,72,0.000717,72,1.682,135
2013,3,17,38.0,97,16.233,97,12.0,97,0.000695,97,1.685,163
2013,3,18,33.5,95,16.321,95,12.0,95,0.000942,95,1.721,141
2013,3,19,36.9,135,16.626,135,12.0,135,0.000863,135,1.685,199
2013,3,20,37.4,128,15.663,128,12.0,128,0.000748,128,1.685,171
2013,3,21,39.4,133,13.547,133,12.0,133,0.001031,133,1.682,193
2013,3,22,34.5,133,15.869,133,12.0,133,0.000717,133,1.685,215
2013,3,23,38.4,95,16.225,95,12.0,95,0.000669,95,1.685,154
2013,4,0,39.7,77,14.635,77,12.0,77,0.000987,77,1.684,145
2013,4,1,43.7,45,15.919,45,14.0,45,0.002754,45,1.721,86
2013,4,2,41.1,35,17.099,35,13.0,35,0.001987,35,1.723,63
2013,4,3,37.3,14,15.325,14,14.0,14,0.001767,14,1.683,32
2013,4,4,35.0,18,15.284,18,12.0,18,0.001133,18,1.720,36
2013,4,5,37.4,12,23.034,12,12.0,12,0.000853,12,1.722,23
2013,4,6,40.1,14,17.092,14,12.5,14,0.000926,14,1.683,29
2013,4,7,42.8,10,12.862,10,12.0,10,0.000645,10,1.643,40
2013,4,8,37.8,27,17.469,27,11.0,27,0.000667,27,1.680,50
2013,4,9,35.3,35,16.815,35,12.0,35,0.000817,35,1.683,84
2013,4,10,37.3,57,17.036,57,12.0,57,0.001197,57,1.723,110
2013,4,11,34.8,56,16.125,56,12.0,56,0.000594,56,1.723,108
2013,4,12,37.7,50,15.725,50,12.0,50,0.001085,50,1.719,102
2013,4,13,35.0,56,17.374,56,12.0,56,0.001081,56,1.722,112
2013,4,14,32.6,58,15.643,58,12.0,58,0.001414,58,1.721,101
2013,4,15,40.7,67,13.919,67,13.0,67,0.001107,67,1.683,137
2013,4,16,36.0,80,16.125,80,12.0,80,0.000773,80,1.685,139
2013,4,17,38.1,77,13.728,77,12.0,77,0.000861,77,1.683,142
2013,4,18,37.0,83,16.651,83,12.0,83,0.000653,83,1.683,150
2013,4,19,35.9,128,16.109,128,12.0,128,0.000655,128,1.683,197
2013,4,20,38.7,119,15.891,119,13.0,119,0.000645,119,1.681,173
2013,4,21,35.8,109,15.230,109,12.0,109,0.000600,109,1.683,150
2013,4,22,36.6,145,14.641,145,12.0,145,0.000684,145,1.682,192
2013,4,23,37.5,98,17.080,98,12.0,98,0.000535,98,1.701,156
2013,5,0,43.8,64,15.428,64,12.0,64,0.000856,64,1.719,121
2013,5,1,33.8,37,15.756,37,11.0,37,0.000859,37,1.688,80
2013,5,2,40.2,29,10.560,29,12.0,29,0.001721,29,1.721,55
2013,5,3,48.7,14,7.986,14,14.5,14,0.003009,14,1.682,28
2013,5,4,33.1,14,18.008,14,10.0,14,0.000713,14,1.719,32
2013,5,5,40.8,10,16.424,10,12.0,10,0.001185,10,1.718,35
2013,5,6,37.5,12,17.153,12,11.5,12,0.001103,12,1.704,38
2013,5,7,40.8,29,16.466,29,12.0,29,0.000845,29,1.648,55
2013,5,8,38.4,23,15.275,23,12.0,23,0.001100,23,1.715,63
2013,5,9,40.2,28,17.910,28,12.0,28,0.000788,28,1.697,60
2013,5,10,39.8,49,17.315,49,12.0,49,0.000742,49,1.681,98
2013,5,11,40.8,54,13.369,54,13.0,54,0.001544,54,1.719,103
2013,5,12,37.6,65,14.716,65,12.0,65,0.000929,65,1.719,114
2013,5,13,38.0,50,15.026,51,12.0,50,0.001418,51,1.686,112
2013,5,14,37.1,52,16.807,52,12.0,52,0.000608,52,1.686,103
2013,5,15,39.3,78,13.525,78,12.0,78,0.000781,78,1.680,151
2013,5,16,41.7,74,17.113,74,12.0,74,0.001268,74,1.683,150
2013,5,17,35.6,68,17.112,68,12.0,68,0.000802,68,1.686,144
2013,5,18,38.8,108,16.908,108,12.0,108,0.000669,108,1.647,183
2013,5,19,39.6,92,16.485,92,12.0,92,0.000503,92,1.680,152
2013,5,20,37.5,115,16.938,115,12.0,115,0.000639,115,1.687,192
2013,5,21,38.7,110,16.077,110,12.0,110,0.000754,110,1.681,161
2013,5,22,38.9,106,16.686,106,12.0,106,0.000511,106,1.687,178
2013,5,23,41.0,92,16.826,92,13.0,92,0.000697,92,1.688,149
2013,6,0,43.0,23,15.127,23,13.0,23,0.002509,23,4.014,48
2013,6,1,59.1,20,14.831,20,14.0,20,0.001788,20,1.919,46
2013,6,2,43.8,18,15.714,18,13.5,18,0.001665,18,3.570,29
2013,6,3,37.3,11,12.701,11,14.0,11,0.002032,11,1.713,20
2013,6,4,40.4,9,16.958,9,12.0,9,0.000512,9,3.208,15
2013,6,5,42.0,14,17.052,14,13.0,14,0.000820,14,3.450,20
2013,6,6,36.1,7,16.972,7,12.0,7,0.001141,7,1.726,15
2013,6,7,72.9,16,17.218,16,13.5,16,0.002214,16,1.987,30
2013,6,8,38.8,11,16.981,11,12.0,11,0.000939,11,1.678,28
2013,6,9,39.8,32,16.938,32,13.0,32,0.000930,32,3.609,46
2013,6,10,42.6,26,14.410,26,12.0,26,0.000957,26,2.087,52
2013,6,11,43.5,29,17.402,29,12.0,29,0.001362,29,3.733,55
2013,6,12,43.4,27,15.233,27,14.0,27,0.000609,27,3.531,52
2013,6,13,45.4,28,12.709,28,12.0,28,0.001264,28,2.972,57
2013,6,14,36.3,41,14.932,41,13.0,41,0.001640,41,3.689,61
2013,6,15,35.2,39,16.947,39,12.0,39,0.000839,39,3.910,76
2013,6,16,39.7,39,16.868,39,12.0,39,0.001466,39,3.080,74
2013,6,17,40.4,30,12.175,30,13.0,30,0.001316,30,2.149,56
2013,6,18,45.4,71,15.405,71,13.0,71,0.001145,71,3.451,102
2013,6,19,37.8,33,16.387,33,12.0,33,0.000958,33,2.746,70
2013,6,20,39.9,69,14.452,69,12.0,69,0.000663,69,3.249,108
2013,6,21,39.0,73,13.392,73,12.0,73,0.000756,73,2.247,103
2013,6,22,45.4,65,13.573,65,13.0,65,0.000757,65,2.285,91
2013,6,23,37.5,48,15.808,48,12.5,48,0.000553,48,3.487,69
2013,7,0,39.4,94,16.331,94,13.0,94,0.000807,94,4.012,125
2013,7,1,39.8,69,16.851,69,12.0,69,0.001148,69,3.966,103
2013,7,2,45.9,48,16.258,48,12.0,48,0.001103,48,3.961,78
2013,7,3,33.7,47,26.309,47,12.0,47,0.000829,47,6.052,73
2013,7,4,36.1,25,15.708,25,12.0,25,0.000893,25,4.062,40
2013,7,5,39.0,30,17.273,30,13.0,30,0.001017,30,4.088,46
2013,7,6,44.9,39,14.476,39,12.0,39,0.001783,39,4.050,59
2013,7,7,43.7,44,17.714,44,13.0,44,0.000889,44,4.140,65
2013,7,8,45.9,54,17.814,54,12.0,54,0.001255,54,4.099,88
2013,7,9,47.4,58,16.229,58,13.0,58,0.001125,58,3.964,108
2013,7,10,34.8,68,17.416,68,12.0,68,0.000966,68,4.083,120
2013,7,11,40.3,60,16.364,60,13.0,60,0.001050,60,4.003,108
2013,7,12,47.3,109,16.851,109,13.0,109,0.001282,109,3.922,147
2013,7,13,39.2,136,16.812,136,13.0,136,0.000886,136,4.081,182
2013,7,14,39.6,96,15.320,96,13.0,96,0.001107,96,4.047,142
2013,7,15,38.6,130,16.814,130,13.0,130,0.000951,130,4.082,203
2013,7,16,36.5,119,16.476,119,12.0,119,0.000976,119,4.045,168
2013,7,17,37.5,107,17.147,107,12.0,107,0.000903,107,4.083,150
2013,7,18,45.7,123,16.250,123,13.0,123,0.000935,123,4.046,179
2013,7,19,39.1,135,15.177,152,13.0,152,0.000939,152,4.007,188
2013,7,20,36.1,154,16.127,154,12.0,154,0.000739,154,4.069,199
2013,7,21,38.4,157,15.465,157,12.0,157,0.000932,157,4.039,210
2013,7,22,42.9,172,14.451,172,13.0,172,0.001189,172,3.967,208
2013,7,23,38.9,141,15.351,141,12.0,141,0.000725,141,4.025,184
2013,8,0,42.5,100,16.413,100,12.0,100,0.001002,100,4.164,158
2013,8,1,39.2,76,16.409,76,12.0,76,0.001614,76,4.082,111
2013,8,2,37.7,36,16.818,36,12.0,36,0.000752,36,4.082,63
2013,8,3,48.1,26,15.772,26,13.0,26,0.001368,26,4.041,51
2013,8,4,35.8,37,16.214,37,13.0,37,0.001057,37,4.124,57
2013,8,5,34.9,28,18.041,28,13.0,28,0.000640,28,4.105,52
2013,8,6,41.6,29,16.698,29,14.0,29,0.000951,29,4.180,57
2013,8,7,61.7,46,14.632,46,14.0,46,0.002468,46,4.112,76
2013,8,8,49.8,83,14.382,83,13.0,83,0.001523,83,4.264,129
2013,8,9,57.1,52,16.992,52,13.0,52,0.000792,52,4.061,103
2013,8,10,44.1,76,15.944,76,14.0,76,0.000947,76,4.304,127
2013,8,11,39.4,82,17.592,82,12.0,82,0.001533,82,4.056,165
2013,8,12,39.6,88,17.013,88,13.0,88,0.000759,88,4.078,155
2013,8,13,38.8,93,17.218,93,12.0,93,0.001104,93,4.125,173
2013,8,14,52.2,122,14.626,122,13.0,122,0.001502,122,4.039,193
2013,8,15,42.6,97,16.477,97,13.0,97,0.000921,97,4.023,168
2013,8,16,43.0,107,15.970,107,13.0,107,0.001054,107,4.041,199
2013,8,17,37.4,126,17.040,126,12.0,126,0.001225,126,4.050,197
2013,8,18,38.3,109,15.768,109,12.0,109,0.000934,109,4.028,195
2013,8,19,41.5,113,14.981,113,13.0,113,0.001396,113,4.061,187
2013,8,20,42.6,133,15.430,133,13.0,133,0.001065,133,4.051,219
2013,8,21,44.2,146,16.169,146,13.0,146,0.000989,146,4.105,239
2013,8,22,43.1,133,14.664,133,14.0,133,0.001085,133,4.036,217
2013,8,23,41.8,124,15.533,124,13.0,124,0.001068,124,4.134,183
2013,9,0,41.0,77,16.688,77,12.0,77,0.000818,77,4.056,161
2013,9,1,39.8,53,17.151,53,13.0,53,0.000826,53,4.107,93
2013,9,2,41.6,40,23.302,40,12.0,40,0.000927,40,6.992,54
2013,9,3,44.8,30,17.572,30,13.0,30,0.000669,30,4.206,64
2013,9,4,33.2,21,17.967,21,12.0,21,0.000847,21,7.045,48
2013,9,5,41.5,36,20.832,36,12.0,36,0.000452,36,5.948,54
2013,9,6,39.5,26,17.614,26,12.0,26,0.000823,26,4.298,47
2013,9,7,39.0,40,17.042,40,13.0,40,0.000908,40,4.107,74
2013,9,8,41.1,57,17.257,57,12.0,57,0.000890,57,4.067,108
2013,9,9,42.6,70,17.144,70,13.0,70,0.001366,70,4.094,111
2013,9,10,41.5,60,17.122,60,13.0,60,0.001345,60,4.066,124
2013,9,11,41.4,47,17.634,47,13.0,47,0.000907,47,4.105,97
2013,9,12,35.5,80,16.014,80,12.0,80,0.001234,80,4.073,156
2013,9,13,42.7,86,15.839,86,12.5,86,0.001791,86,4.030,143
2013,9,14,38.9,89,15.910,89,12.0,89,0.001307,89,4.106,169
2013,9,15,40.6,83,15.713,83,13.0,83,0.000973,83,4.069,159
2013,9,16,41.1,95,15.204,95,13.0,95,0.001202,95,4.067,168
2013,9,17,42.0,117,17.198,117,13.0,117,0.000826,117,4.064,201
2013,9,18,41.5,101,16.302,101,13.0,101,0.000940,101,4.070,177
2013,9,19,43.9,103,15.820,103,13.0,103,0.001009,103,4.071,194
2013,9,20,48.9,148,15.837,148,13.0,148,0.001133,148,4.108,279
2013,9,21,44.1,166,15.630,166,13.0,166,0.001540,166,4.088,283
2013,9,22,58.0,164,15.300,164,14.0,164,0.001135,164,4.107,283
2013,9,23,43.0,109,15.490,109,12.0,109,0.000954,109,4.075,203
2013,10,0,43.0,92,14.550,92,14.0,92,0.001358,92,4.065,163
2013,10,1,37.2,91,15.779,91,13.0,91,0.001130,91,4.314,141
2013,10,2,36.6,37,17.576,37,13.0,37,0.000610,37,4.181,83
2013,10,3,38.2,21,16.741,21,14.0,21,0.000858,21,4.064,43
2013,10,4,49.9,15,16.628,15,13.0,15,0.000896,15,4.061,41
2013,10,5,47.4,16,13.905,16,13.0,16,0.000792,16,4.170,39
2013,10,6,55.9,15,17.841,15,12.0,15,0.001144,15,4.166,42
2013,10,7,55.7,36,17.070,36,13.0,36,0.001198,36,4.104,68
2013,10,8,57.5,67,17.017,67,12.0,67,0.001126,67,4.251,121
2013,10,9,42.1,58,16.216,58,13.0,58,0.000807,58,4.066,122
2013,10,10,46.7,81,12.960,81,13.0,81,0.001252,81,4.109,133
2013,10,11,37.4,109,17.771,109,13.0,109,0.000959,109,5.323,184
2013,10,12,42.3,74,15.826,74,13.0,74,0.000827,74,4.065,156
2013,10,13,41.2,59,16.220,59,12.0,59,0.000560,59,4.023,124
2013,10,14,52.8,81,15.240,81,14.0,81,0.000819,81,4.055,159
2013,10,15,43.9,105,15.009,105,13.0,105,0.000945,105,4.029,179
2013,10,16,41.0,106,15.123,106,13.0,106,0.001033,106,4.068,186
2013,10,17,40.4,114,16.506,114,12.5,114,0.000923,114,4.062,210
2013,10,18,38.3,112,15.285,112,13.0,112,0.000612,112,4.064,225
2013,10,19,43.5,134,14.455,134,13.0,134,0.001023,134,4.065,245
2013,10,20,43.8,178,14.924,178,13.0,178,0.000917,178,4.067,295
2013,10,21,44.0,214,14.788,214,13.0,214,0.000981,214,4.028,378
2013,10,22,62.0,156,14.710,157,14.0,156,0.001069,157,4.070,292
2013,10,23,45.1,124,15.114,124,14.0,124,0.001170,124,4.070,228
2013,11,0,40.7,72,15.074,72,12.0,72,0.000778,72,4.175,143
2013,11,1,41.9,60,13.815,60,13.0,60,0.000970,60,4.109,143
2013,11,2,52.7,36,17.812,36,13.0,36,0.000703,36,4.027,70
2013,11,3,36.6,19,11.175,19,12.0,19,0.001257,19,3.907,35
2013,11,4,37.7,19,17.004,19,12.0,19,0.000450,19,3.872,31
2013,11,5,44.5,9,14.284,9,13.0,9,0.001090,9,4.085,24
2013,11,6,51.4,31,15.684,31,13.0,31,0.000953,31,4.298,52
2013,11,7,37.2,62,17.542,62,13.0,62,0.000779,62,4.273,110
2013,11,8,39.1,88,16.951,88,13.0,88,0.001012,88,5.264,141
2013,11,9,39.2,87,17.735,87,12.0,87,0.001110,87,4.206,146
2013,11,10,41.1,81,16.347,81,12.0,81,0.001054,81,4.252,144
2013,11,11,43.0,79,17.184,79,13.0,79,0.000818,79,3.965,146
2013,11,12,48.3,69,16.210,69,13.0,69,0.000531,69,3.989,124
2013,11,13,45.6,66,15.996,66,13.0,66,0.000785,66,4.029,125
2013,11,14,46.7,81,16.117,81,12.0,81,0.000776,81,4.064,155
2013,11,15,51.1,94,11.364,94,13.0,94,0.001743,94,3.989,155
2013,11,16,46.0,98,17.281,98,13.0,98,0.001111,98,4.069,160
2013,11,17,45.5,95,17.875,95,13.0,95,0.000693,95,4.134,169
2013,11,18,42.6,88,16.718,88,12.0,88,0.000884,88,4.105,156
2013,11,19,46.0,135,16.148,135,13.0,135,0.000786,135,4.027,223
2013,11,20,49.5,133,17.460,133,13.0,133,0.000913,133,4.096,220
2013,11,21,46.1,138,16.208,138,13.0,138,0.001078,138,4.069,236
2013,11,22,50.8,182,14.438,182,13.0,182,0.001082,182,4.066,269
2013,11,23,49.7,138,16.499,138,13.0,138,0.000810,138,4.104,228
2013,12,0,44.4,83,17.330,83,13.0,83,0.000858,83,4.064,138
2013,12,1,40.6,61,16.477,61,13.0,61,0.000702,61,3.987,92
2013,12,2,40.8,30,17.651,30,13.0,30,0.000559,30,4.146,61
2013,12,3,51.5,33,16.404,33,12.0,33,0.000894,33,4.071,55
2013,12,4,49.4,17,17.562,17,13.0,17,0.002026,17,4.109,32
2013,12,5,38.2,17,18.097,17,12.0,17,0.000973,17,4.288,31
2013,12,6,46.2,22,17.839,22,13.0,22,0.000247,22,4.107,46
2013,12,7,55.6,40,17.829,40,13.0,40,0.000669,40,4.264,69
2013,12,8,43.6,49,16.809,49,12.0,49,0.001156,49,4.110,93
2013,12,9,40.1,67,17.812,67,13.0,67,0.001275,67,4.282,115
2013,12,10,40.3,77,17.684,77,12.0,77,0.000904,77,4.250,138
2013,12,11,46.7,83,16.567,83,13.0,83,0.000768,83,4.202,153
2013,12,12,50.4,80,16.873,80,13.0,80,0.000985,80,4.023,127
2013,12,13,50.6,128,16.821,128,14.0,128,0.000957,128,4.136,195
2013,12,14,43.7,112,15.291,112,13.0,112,0.001127,112,4.134,177
2013,12,15,39.8,102,15.274,102,14.0,102,0.001046,102,4.364,176
2013,12,16,44.8,116,16.613,116,14.0,116,0.000980,116,4.162,187
2013,12,17,40.6,108,14.566,108,13.5,108,0.001180,108,4.073,176
2013,12,18,47.2,108,15.041,108,14.0,108,0.001157,108,4.118,164
2013,12,19,44.4,136,16.808,136,13.0,136,0.000934,136,4.072,222
2013,12,20,42.0,155,16.055,155,13.0,155,0.001038,155,4.154,257
2013,12,21,51.4,166,15.286,166,14.0,166,0.000819,166,4.137,250
2013,12,22,49.7,138,15.976,138,14.0,138,0.000976,138,4.084,205
2013,12,23,44.2,113,13.152,113,14.0,113,0.001117,113,3.986,178
2014,1,0,47.0,91,12.864,91,14.0,91,0.001386,91,3.983,177
2014,1,1,46.1,80,16.542,80,13.0,80,0.000943,80,4.026,135
2014,1,2,40.3,44,17.259,44,13.5,44,0.000982,44,4.067,83
2014,1,3,40.7,27,16.751,27,12.0,27,0.001147,27,4.065,55
2014,1,4,46.3,18,17.464,18,14.0,18,0.001477,18,4.209,42
2014,1,5,34.9,28,16.433,28,12.0,28,0.001858,28,4.046,52
2014,1,6,48.1,23,17.452,23,13.0,23,0.000701,23,4.291,44
2014,1,7,56.0,46,16.362,46,13.0,46,0.001338,46,4.212,94
2014,1,8,47.6,53,17.570,53,13.0,53,0.000670,53,4.105,99
2014,1,9,45.5,91,17.626,91,13.0,91,0.000887,91,4.069,156
2014,1,10,49.0,110,16.118,110,13.0,110,0.000702,110,4.263,175
2014,1,11,40.4,131,16.422,131,14.0,131,0.000906,131,4.120,189
2014,1,12,38.1,118,17.620,118,13.0,118,0.000663,118,4.095,173
2014,1,13,43.5,116,16.414,116,13.0,116,0.000734,116,4.027,183
2014,1,14,49.0,129,15.804,129,14.0,129,0.000903,129,4.039,200
2014,1,15,43.7,138,12.944,138,14.0,138,0.000974,138,4.063,222
2014,1,16,39.9,145,16.777,145,13.0,145,0.001038,145,4.068,230
2014,1,17,43.9,152,15.665,152,14.0,152,0.000869,152,4.173,234
2014,1,18,42.8,154,14.982,154,13.5,154,0.000975,154,3.985,229
2014,1,19,40.3,184,16.943,184,13.0,184,0.001051,184,4.106,275
2014,1,20,40.8,229,15.088,229,13.0,229,0.000893,229,4.066,320
2014,1,21,44.6,234,13.252,234,14.0,234,0.001141,234,4.065,332
2014,1,22,46.2,183,16.920,183,14.0,183,0.000685,183,4.089,291
2014,1,23,43.1,131,15.795,131,13.0,131,0.000976,131,4.070,233
2014,2,0,42.5,93,17.445,93,13.0,93,0.000945,93,4.110,149
2014,2,1,37.5,60,17.337,60,13.0,60,0.000901,60,4.261,113
2014,2,2,40.5,28,17.966,28,13.0,28,0.000431,28,5.899,47
2014,2,3,39.2,30,14.069,30,13.0,30,0.001277,30,4.122,50
2014,2,4,54.8,30,17.312,30,13.0,30,0.000840,30,4.000,39
2014,2,5,42.2,13,15.230,13,12.0,13,0.000552,13,3.984,25
2014,2,6,33.6,22,17.348,22,13.0,22,0.001370,22,4.161,43
2014,2,7,34.6,42,16.631,42,14.0,42,0.000804,42,4.249,85
2014,2,8,39.6,62,16.649,62,13.0,62,0.001037,62,4.076,103
2014,2,9,42.6,81,17.061,81,13.0,81,0.000906,81,4.308,130
2014,2,10,43.0,94,16.790,94,12.0,94,0.000921,94,4.230,140
2014,2,11,55.9,87,17.534,87,14.0,87,0.000720,87,4.102,137
2014,2,12,45.1,83,17.468,83,13.0,83,0.000648,83,4.140,144
2014,2,13,47.7,103,15.358,103,13.0,103,0.001205,103,4.062,162
2014,2,14,41.7,110,15.848,110,13.0,110,0.001116,110,4.070,157
2014,2,15,45.4,133,15.681,133,14.0,133,0.000875,133,4.056,209
2014,2,16,41.1,107,16.931,107,13.0,107,0.000889,107,4.068,179
2014,2,17,44.2,121,17.068,121,14.0,121,0.000850,121,4.104,192
2014,2,18,41.7,117,16.037,117,13.0,117,0.000903,117,4.030,190
2014,2,19,45.6,142,16.040,142,14.0,142,0.000698,142,4.062,209
2014,2,20,40.6,172,16.282,172,14.0,172,0.000798,172,4.172,256
2014,2,21,46.9,162,16.452,162,14.0,162,0.000713,162,4.082,240
2014,2,22,47.2,146,15.829,146,14.0,146,0.000918,146,4.238,233
2014,2,23,43.1,113,17.391,113,14.0,113,0.000529,113,4.239,179
2014,3,0,44.7,66,13.437,66,13.0,66,0.001467,66,4.122,127
2014,3,1,42.5,44,16.565,44,13.0,44,0.001040,44,4.100,74
2014,3,2,45.0,28,17.455,28,13.0,28,0.000902,28,3.997,67
2014,3,3,42.4,20,17.664,20,12.0,20,0.000733,20,3.993,38
2014,3,4,39.8,22,17.691,22,12.0,22,0.000888,22,4.068,39
2014,3,5,39.4,16,17.972,16,12.5,16,0.002404,16,5.723,31
2014,3,6,41.3,14,14.172,14,12.5,14,0.002579,14,3.990,33
2014,3,7,36.8,28,17.137,28,13.0,28,0.001273,28,4.292,50
2014,3,8,40.6,38,15.839,38,12.0,38,0.001117,38,4.159,72
2014,3,9,51.1,87,16.385,87,13.0,87,0.001043,87,4.065,136
2014,3,10,47.4,79,16.667,79,12.0,79,0.001362,79,4.070,128
2014,3,11,42.8,81,15.978,81,14.0,81,0.001038,81,3.960,139
2014,3,12,39.9,92,14.008,92,13.0,92,0.001069,92,4.096,173
2014,3,13,38.2,95,18.104,95,13.0,95,0.000846,95,4.133,143
2014,3,14,43.9,102,14.612,102,13.0,102,0.000929,102,4.070,171
2014,3,15,43.4,99,17.591,99,13.0,99,0.000631,99,4.187,168
2014,3,16,43.8,112,15.475,112,13.0,112,0.000738,112,4.141,184
2014,3,17,42.5,116,15.852,116,12.5,116,0.001139,116,4.107,212
2014,3,18,40.5,141,17.471,141,13.0,141,0.000749,141,4.125,211
2014,3,19,40.3,143,15.771,143,13.0,143,0.001013,143,4.135,241
2014,3,20,42.6,166,16.065,166,13.0,166,0.000986,166,4.158,255
2014,3,21,44.1,142,15.381,142,13.5,142,0.000895,142,3.991,227
2014,3,22,50.6,148,16.884,148,13.0,148,0.001056,148,4.248,237
2014,3,23,40.5,90,16.590,90,13.0,90,0.000946,90,3.989,147
2014,4,0,51.3,76,16.254,76,13.0,76,0.000967,76,4.036,144
2014,4,1,39.5,39,17.845,39,12.0,39,0.000888,39,4.148,84
2014,4,2,39.3,27,15.679,27,12.0,27,0.000713,27,4.058,62
2014,4,3,41.3,23,14.835,23,12.0,23,0.000921,23,3.984,27
2014,4,4,26.1,9,10.721,9,12.0,9,0.001349,9,4.022,17
2014,4,5,40.6,9,14.839,9,12.0,9,0.000823,9,3.983,21
2014,4,6,62.0,18,17.259,18,11.5,18,0.001462,18,4.109,46
2014,4,7,38.3,32,17.989,32,11.0,32,0.000764,32,4.303,60
2014,4,8,42.1,59,17.350,59,12.0,59,0.000918,59,4.150,97
2014,4,9,42.7,62,16.850,62,13.0,62,0.000964,62,4.235,93
2014,4,10,40.0,51,17.485,51,12.0,51,0.000920,51,4.296,78
2014,4,11,42.0,62,16.317,62,12.0,62,0.001190,62,4.098,108
2014,4,12,37.9,75,17.235,75,12.0,75,0.000820,75,4.062,124
2014,4,13,41.3,62,12.700,62,12.0,62,0.001189,62,4.032,129
2014,4,14,33.5,77,13.990,77,12.0,77,0.001331,77,4.072,110
2014,4,15,42.2,84,16.243,84,12.0,84,0.000882,84,4.063,132
2014,4,16,35.2,73,17.403,73,12.0,73,0.000854,73,4.145,141
2014,4,17,51.4,95,15.170,95,12.0,95,0.001212,95,4.068,192
2014,4,18,42.2,108,16.845,108,13.0,108,0.001154,108,4.068,196
2014,4,19,44.4,111,15.938,111,13.0,111,0.001155,111,4.069,192
2014,4,20,41.4,139,15.833,139,13.0,139,0.000791,139,4.068,216
2014,4,21,45.0,121,16.593,121,13.0,121,0.001215,121,4.002,199
2014,4,22,44.6,112,15.296,112,13.0,112,0.000950,112,4.069,189
2014,4,23,49.1,89,14.711,89,12.0,89,0.001297,89,4.027,176
2014,5,0,37.3,74,17.884,74,12.0,74,0.001095,74,5.188,117
2014,5,1,51.7,37,14.229,37,13.0,37,0.001380,37,4.030,63
2014,5,2,38.9,36,17.927,36,13.0,36,0.000877,36,5.028,67
2014,5,3,27.6,11,27.045,11,11.0,11,0.000940,11,12.205,27
2014,5,4,40.4,17,14.693,17,12.0,17,0.001611,17,4.423,34
2014,5,5,38.7,19,19.348,19,13.0,19,0.000891,19,14.896,33
2014,5,6,49.3,26,17.850,26,14.0,26,0.000640,26,4.312,40
2014,5,7,66.5,39,16.301,39,12.0,39,0.001329,39,4.026,56
2014,5,8,46.6,42,16.946,42,12.0,42,0.000910,42,4.245,72
2014,5,9,39.7,60,17.091,60,12.0,60,0.001346,60,4.073,102
2014,5,10,40.8,40,17.906,40,12.0,40,0.001057,40,4.213,84
2014,5,11,39.0,63,17.134,63,12.0,63,0.001269,63,4.212,103
2014,5,12,37.5,64,17.641,64,12.0,64,0.001192,64,4.097,111
2014,5,13,41.5,64,17.148,64,13.0,64,0.001022,64,4.665,101
2014,5,14,37.9,50,16.244,50,12.0,50,0.000640,50,4.223,90
2014,5,15,40.6,86,17.729,86,12.0,86,0.000702,86,4.191,143
2014,5,16,41.2,79,16.927,79,13.0,79,0.001122,79,4.032,133
2014,5,17,37.8,74,17.316,74,13.0,74,0.000730,74,4.185,132
2014,5,18,41.7,96,15.247,96,13.0,96,0.000881,96,4.071,164
2014,5,19,56.2,105,15.778,105,13.0,105,0.001250,105,4.029,175
2014,5,20,46.3,138,16.398,138,13.0,138,0.000976,138,4.063,215
2014,5,21,44.9,128,16.858,128,13.0,128,0.000749,128,4.196,207
2014,5,22,43.8,130,17.407,130,13.0,130,0.000936,130,4.135,210
2014,5,23,41.8,78,17.737,78,12.0,78,0.001038,78,4.107,134
2014,6,0,38.0,72,16.244,72,12.0,72,0.001026,72,4.726,128
2014,6,1,37.1,61,17.829,61,12.0,61,0.000812,61,5.617,101
2014,6,2,30.8,54,27.554,54,11.0,54,0.000489,54,10.334,78
2014,6,3,31.9,32,17.926,32,12.0,32,0.000621,32,10.472,59
2014,6,4,33.4,22,31.380,22,11.0,22,0.000507,22,15.333,47
2014,6,5,36.9,21,18.168,21,11.0,21,0.000589,21,4.317,40
2014,6,6,39.0,27,17.939,27,12.0,27,0.000691,27,4.353,46
2014,6,7,53.7,37,17.486,37,12.0,37,0.000325,37,4.124,66
2014,6,8,35.6,47,17.696,47,12.0,47,0.001073,47,4.893,80
2014,6,9,35.1,66,17.488,66,12.0,66,0.000903,66,5.110,115
2014,6,10,43.3,52,15.432,52,12.0,52,0.001191,52,4.213,103
2014,6,11,39.9,53,17.596,53,12.0,53,0.001123,53,4.177,110
2014,6,12,38.5,77,17.773,77,12.0,77,0.001111,77,4.082,133
2014,6,13,39.9,66,16.680,66,12.0,66,0.000743,66,4.077,114
2014,6,14,38.2,75,17.463,75,12.0,75,0.001028,75,4.078,126
2014,6,15,42.6,80,17.335,80,12.0,80,0.001134,80,5.834,142
2014,6,16,40.1,91,16.920,91,12.0,91,0.001440,91,4.235,140
2014,6,17,33.9,108,16.087,108,12.0,108,0.001898,108,6.149,182
2014,6,18,42.8,108,16.169,108,12.0,108,0.001016,108,4.103,193
2014,6,19,39.5,104,16.015,104,12.0,104,0.001486,104,4.108,178
2014,6,20,41.1,120,16.969,120,13.0,120,0.001030,120,4.107,213
2014,6,21,38.1,131,17.272,131,12.0,131,0.000987,131,4.164,208
2014,6,22,40.6,131,16.188,131,13.0,131,0.001243,131,4.129,214
2014,6,23,39.8,137,15.819,137,12.0,137,0.001025,137,4.025,205
2014,7,0,42.8,107,14.658,107,13.0,107,0.001507,107,4.004,175
2014,7,1,38.3,77,15.339,77,12.0,77,0.001699,77,3.960,124
2014,7,2,37.8,61,15.371,61,13.0,61,0.001023,61,3.999,94
2014,7,3,35.5,33,17.833,33,12.0,33,0.001542,33,4.201,74
2014,7,4,36.2,35,16.175,35,13.0,35,0.000984,35,3.953,59
2014,7,5,32.5,31,15.320,31,12.0,31,0.001492,31,9.997,49
2014,7,6,35.0,37,17.270,37,12.0,37,0.000950,37,4.036,71
2014,7,7,35.4,58,17.649,58,11.5,58,0.000789,58,4.003,93
2014,7,8,38.2,89,17.613,89,12.0,89,0.000904,89,3.999,142
2014,7,9,40.8,87,17.033,87,13.0,87,0.001185,87,4.137,154
2014,7,10,42.9,102,15.113,102,13.0,102,0.001111,102,4.031,168
2014,7,11,37.1,116,16.170,116,12.0,116,0.001681,116,4.076,186
2014,7,12,37.5,128,16.586,128,12.0,128,0.001302,128,4.073,214
2014,7,13,39.2,100,15.788,100,12.0,100,0.001528,100,4.234,169
2014,7,14,36.5,108,15.763,108,12.0,108,0.001507,108,4.004,188
2014,7,15,38.9,110,16.265,110,12.5,110,0.001350,110,3.942,215
2014,7,16,38.6,131,17.071,131,12.0,131,0.001127,131,4.053,239
2014,7,17,39.5,133,15.739,133,12.0,133,0.001613,133,4.023,234
2014,7,18,40.9,122,16.171,122,12.0,122,0.001091,122,4.039,216
2014,7,19,40.2,166,14.693,166,13.0,166,0.001379,166,4.042,280
2014,7,20,38.5,161,16.687,161,12.0,161,0.001378,161,4.061,267
2014,7,21,41.0,180,17.344,180,13.0,180,0.001358,180,4.118,267
2014,7,22,42.6,153,15.427,153,13.0,153,0.001270,153,3.964,259
2014,7,23,41.9,143,15.291,143,13.0,143,0.001133,143,3.961,266
2014,8,0,39.1,119,16.999,119,12.0,119,0.001346,119,4.041,189
2014,8,1,36.1,86,17.822,86,12.0,86,0.001145,86,4.610,130
2014,8,2,39.9,54,17.392,54,13.0,54,0.001749,54,4.181,90
2014,8,3,33.1,40,17.565,40,11.5,40,0.001199,40,4.234,66
2014,8,4,40.7,36,15.296,36,12.0,36,0.001803,36,4.004,53
2014,8,5,57.2,18,11.910,18,12.0,18,0.001516,18,4.078,41
2014,8,6,34.9,41,17.967,41,13.0,41,0.001117,41,6.549,76
2014,8,7,33.3,57,17.528,57,11.0,57,0.001073,57,4.140,95
2014,8,8,39.5,51,17.201,51,13.0,51,0.001017,51,4.255,86
2014,8,9,37.0,112,16.618,112,12.0,112,0.001675,112,4.042,181
2014,8,10,37.7,110,16.270,110,13.0,110,0.001241,110,4.080,186
2014,8,11,37.7,108,16.658,108,12.0,108,0.001536,108,4.060,158
2014,8,12,36.8,132,17.067,132,13.0,132,0.001455,132,4.002,206
2014,8,13,39.7,112,16.819,112,12.5,112,0.001813,112,4.051,176
2014,8,14,37.8,103,16.936,103,13.0,103,0.001351,103,4.215,168
2014,8,15,36.3,121,16.519,121,13.0,121,0.001552,121,4.153,196
2014,8,16,37.4,143,14.212,143,13.0,143,0.002207,143,3.934,230
2014,8,17,40.0,167,14.674,167,13.0,167,0.001948,167,4.032,263
2014,8,18,36.3,161,16.495,161,12.0,161,0.001716,161,4.082,235
2014,8,19,37.5,149,15.707,149,12.0,149,0.001706,149,4.101,228
2014,8,20,35.5,191,16.047,191,13.0,191,0.001403,191,4.076,275
2014,8,21,37.9,206,14.499,206,13.0,206,0.001851,206,4.081,307
2014,8,22,36.3,187,16.693,187,13.0,187,0.001711,187,4.102,254
2014,8,23,39.9,168,15.382,168,13.0,168,0.001551,168,4.185,246
2014,9,0,37.1,99,15.992,99,12.0,99,0.002162,99,3.967,173
2014,9,1,35.6,64,15.858,64,12.0,64,0.001647,64,4.040,96
2014,9,2,36.1,45,14.246,45,12.0,45,0.002584,45,4.089,88
2014,9,3,27.4,25,17.159,25,11.0,25,0.001269,25,4.250,52
2014,9,4,30.2,21,17.282,21,12.0,21,0.001311,21,5.692,41
2014,9,5,29.3,19,17.378,19,12.0,19,0.002078,19,9.154,33
2014,9,6,40.5,23,16.563,23,12.0,23,0.001725,23,4.084,44
2014,9,7,38.9,68,15.371,68,13.0,68,0.001644,68,4.259,107
2014,9,8,36.2,70,17.120,70,12.5,70,0.001450,70,4.101,111
2014,9,9,36.0,83,14.650,83,12.0,83,0.001753,83,6.037,133
2014,9,10,39.6,114,13.862,114,12.0,114,0.002554,114,4.038,164
2014,9,11,35.6,119,15.818,119,12.0,119,0.001889,119,4.040,176
2014,9,12,37.2,92,14.821,92,12.0,92,0.003007,92,4.078,160
2014,9,13,36.1,115,15.626,115,12.0,115,0.001585,115,4.074,172
2014,9,14,37.9,92,16.284,92,12.0,92,0.001268,92,4.035,156
2014,9,15,37.4,104,16.932,104,12.0,104,0.001511,104,4.168,173
2014,9,16,37.3,133,14.668,133,12.0,133,0.001717,133,4.054,223
2014,9,17,36.4,101,16.859,101,12.0,101,0.001468,101,4.043,158
2014,9,18,39.3,125,15.048,125,13.0,125,0.001709,125,3.961,185
2014,9,19,39.0,157,16.044,157,13.0,157,0.001724,157,4.036,249
2014,9,20,39.4,198,14.472,198,13.0,198,0.001885,198,4.032,277
2014,9,21,43.6,184,14.417,184,13.0,184,0.001811,184,4.032,295
2014,9,22,38.5,198,16.931,198,13.0,198,0.001358,198,4.043,307
2014,9,23,38.8,151,15.580,151,12.0,151,0.001502,151,4.090,238
2014,10,0,39.6,31,15.390,31,12.0,31,0.001203,31,4.276,51
2014,10,1,42.4,29,14.921,29,14.0,29,0.001429,29,3.881,48
2014,10,2,44.2,16,11.979,16,13.5,16,0.002039,16,3.986,31
2014,10,3,97.1,4,10.589,4,15.0,4,0.001287,4,8.888,10
2014,10,4,33.6,7,39.655,7,13.0,7,0.000685,7,4.138,13
2014,10,5,35.6,10,16.494,10,13.5,10,0.001299,10,3.919,14
2014,10,6,35.7,23,22.803,23,12.0,23,0.001519,23,8.862,32
2014,10,7,43.4,27,15.303,27,13.0,27,0.001699,27,4.156,38
2014,10,8,43.3,35,15.990,35,14.0,35,0.002581,35,4.143,57
2014,10,9,39.8,26,14.691,26,12.0,26,0.001636,26,4.041,37
2014,10,10,36.7,35,16.529,35,14.0,35,0.001042,35,4.236,57
2014,10,11,38.8,35,16.659,35,13.0,35,0.000976,35,4.078,60
2014,10,12,38.1,72,15.119,72,13.0,72,0.002054,72,4.118,107
2014,10,13,38.9,45,17.236,45,10.0,45,0.001949,45,4.751,74
2014,10,14,41.0,43,17.317,43,13.0,43,0.001754,43,4.243,77
2014,10,15,41.1,48,11.704,48,13.0,48,0.002497,48,3.862,76
2014,10,16,41.7,52,17.558,52,13.5,52,0.001726,52,5.290,98
2014,10,17,41.5,67,16.407,67,13.0,67,0.001177,67,4.041,102
2014,10,18,40.9,67,14.396,67,14.0,67,0.001643,67,4.010,103
2014,10,19,43.4,66,16.069,66,13.0,66,0.001815,66,4.175,103
2014,10,20,46.6,74,13.692,74,14.0,74,0.002734,73,3.990,110
2014,10,21,39.5,89,13.698,89,13.0,89,0.001873,89,4.012,118
2014,10,22,39.7,68,16.662,68,13.0,68,0.001311,68,4.046,99
2014,10,23,39.9,72,16.667,72,13.0,72,0.002296,72,4.189,117
2014,11,0,41.9,34,13.733,34,13.5,34,0.001438,34,4.327,47
2014,11,1,46.8,19,17.793,19,13.0,19,0.001592,19,6.073,31
2014,11,2,33.7,17,26.834,17,12.0,17,0.000827,17,13.293,25
2014,11,3,40.3,14,29.082,14,13.5,14,0.001718,14,5.634,21
2014,11,4,45.2,11,25.606,11,14.0,11,0.000346,11,8.163,23
2014,11,5,41.8,17,17.630,17,13.0,17,0.001122,17,8.593,22
2014,11,6,45.9,10,24.238,10,13.0,10,0.002696,10,13.147,14
2014,11,7,39.8,20,17.587,20,13.0,20,0.001177,20,3.803,29
2014,11,8,46.0,29,20.110,29,14.0,29,0.002421,29,8.063,42
2014,11,9,39.8,41,17.129,41,13.0,41,0.002278,41,5.430,59
2014,11,10,39.6,32,18.831,32,12.5,32,0.001002,32,5.143,48
2014,11,11,54.2,31,16.875,31,14.0,31,0.002039,31,4.281,46
2014,11,12,45.4,21,14.552,21,15.0,21,0.002005,21,4.167,37
2014,11,13,47.6,33,13.026,33,15.0,33,0.002283,33,3.929,45
2014,11,14,45.2,38,12.843,38,15.0,38,0.001911,38,4.198,57
2014,11,15,37.1,42,17.712,42,13.0,42,0.001327,42,4.263,64
2014,11,16,36.5,63,16.015,63,13.0,63,0.001574,63,4.014,83
2014,11,17,45.5,52,15.824,52,14.0,52,0.002406,52,3.878,91
2014,11,18,41.3,52,16.710,52,14.5,52,0.001245,52,4.219,66
2014,11,19,43.0,38,17.860,38,13.5,38,0.001711,38,3.989,76
2014,11,20,45.7,56,12.881,56,14.0,56,0.001609,56,3.859,76
2014,11,21,44.8,56,15.186,56,14.0,56,0.002301,56,4.134,82
2014,11,22,42.1,49,17.141,49,13.0,49,0.002045,49,4.265,92
2014,11,23,44.2,41,15.728,41,14.0,41,0.001828,41,5.933,62
2014,12,0,40.1,15,9.076,15,13.0,15,0.005216,15,4.018,34
2014,12,1,126.3,11,15.467,11,14.0,11,0.004770,11,1.458,20
2014,12,2,40.4,8,17.372,8,13.0,8,0.001207,8,4.154,11
2014,12,3,53.3,7,1.756,7,15.0,7,0.025735,7,3.144,10
2014,12,4,284.2,4,3.374,4,18.5,4,0.003787,4,0.641,13
2014,12,5,52.1,5,48.629,5,15.0,5,0.002590,5,16.427,8
2014,12,6,47.6,11,17.001,11,13.0,11,0.001819,11,4.589,17
2014,12,7,71.9,10,10.083,10,13.0,10,0.005914,10,4.290,12
2014,12,8,40.5,8,14.957,8,12.5,8,0.003139,8,3.810,16
2014,12,9,50.3,14,27.932,14,13.0,14,0.001037,14,8.070,25
2014,12,10,41.7,11,17.577,11,13.0,11,0.002706,11,5.763,24
2014,12,11,40.7,28,17.537,28,13.0,28,0.001180,28,4.725,41
2014,12,12,45.9,14,17.367,14,12.5,14,0.001781,14,4.070,23
2014,12,13,43.7,28,16.518,28,13.0,28,0.002155,28,4.014,40
2014,12,14,44.0,31,14.363,31,13.0,31,0.002209,31,4.137,41
2014,12,15,40.2,26,14.921,26,13.0,26,0.001325,26,4.024,37
2014,12,16,54.9,28,12.813,28,13.0,28,0.004540,28,3.628,37
2014,12,17,45.9,22,14.981,22,13.0,22,0.003173,22,4.250,32
2014,12,18,50.3,24,13.635,24,14.0,24,0.002708,24,3.800,31
2014,12,19,64.2,26,10.944,26,14.0,26,0.005483,26,3.595,38
2014,12,20,53.6,47,12.294,47,14.0,47,0.002716,47,4.065,70
2014,12,21,49.2,48,19.015,48,14.0,48,0.002098,48,6.170,74
2014,12,22,38.2,30,24.766,30,13.0,30,0.001154,30,4.192,51
2014,12,23,67.5,40,17.131,40,14.0,40,0.001813,40,7.107,63
2015,1,0,57.1,25,12.297,25,14.0,25,0.001807,25,4.115,38
2015,1,1,35.0,20,12.422,20,13.0,20,0.001802,20,3.480,32
2015,1,2,47.2,18,14.523,18,13.5,18,0.002180,18,4.053,24
2015,1,3,31.8,8,24.943,8,12.0,8,0.000862,8,11.268,11
2015,1,4,55.5,8,16.771,8,14.5,8,0.001579,8,3.682,9
2015,1,5,43.6,7,15.702,7,13.0,7,0.001477,7,3.865,9
2015,1,6,99.3,6,16.685,6,14.0,6,0.005978,6,4.074,15
2015,1,7,33.6,15,12.928,15,13.0,15,0.001927,15,4.149,22
2015,1,8,44.1,15,16.148,15,13.0,15,0.001937,15,4.274,22
2015,1,9,49.9,22,13.393,22,13.5,22,0.001595,22,4.196,28
2015,1,10,39.8,17,17.536,17,14.0,17,0.001372,17,6.282,29
2015,1,11,40.5,25,18.673,25,14.0,25,0.001693,25,10.431,34
2015,1,12,44.1,26,13.501,26,13.0,26,0.002785,26,5.666,44
2015,1,13,55.9,30,11.204,30,13.0,30,0.003356,30,4.098,55
2015,1,14,47.2,22,16.568,22,13.0,22,0.001401,22,7.643,37
2015,1,15,44.4,26,16.528,26,13.5,26,0.002010,26,4.126,39
2015,1,16,40.7,37,13.444,37,13.0,37,0.002500,37,4.102,55
2015,1,17,40.6,40,15.074,40,13.0,40,0.002176,40,4.259,60
2015,1,18,49.0,26,13.025,26,13.5,26,0.003457,26,4.096,38
2015,1,19,46.3,48,14.842,48,14.0,48,0.002303,48,3.523,69
2015,1,20,49.7,56,14.137,56,14.5,56,0.002179,56,4.034,86
2015,1,21,52.6,44,16.250,44,15.0,44,0.002939,44,4.142,68
2015,1,22,47.2,31,14.526,31,13.0,31,0.001708,31,4.181,52
2015,1,23,49.2,26,10.887,26,14.5,26,0.002770,26,4.730,51
2015,2,0,62.3,42,12.437,42,14.0,42,0.002834,42,3.212,56
2015,2,1,45.7,19,13.298,19,15.0,19,0.001970,19,3.876,26
2015,2,2,42.8,14,19.255,14,12.5,14,0.002336,14,4.981,23
2015,2,3,58.7,10,16.886,10,13.5,10,0.003231,10,6.090,21
2015,2,4,58.3,15,11.235,15,15.0,15,0.003145,15,3.207,19
2015,2,5,39.1,9,22.287,9,12.0,9,0.001703,9,4.321,16
2015,2,6,50.7,7,17.441,7,13.0,7,0.007182,7,9.991,11
2015,2,7,58.9,14,16.844,14,11.0,14,0.001043,14,5.898,27
2015,2,8,45.1,18,16.385,18,13.0,18,0.002116,18,6.208,24
2015,2,9,39.1,15,24.195,15,11.0,15,0.000749,15,4.103,36
2015,2,10,45.3,14,12.451,14,12.5,14,0.002621,14,3.322,33
2015,2,11,37.9,28,17.587,28,12.5,28,0.001280,28,4.267,38
2015,2,12,47.0,32,17.077,32,12.5,32,0.002268,32,4.030,43
2015,2,13,49.2,35,14.475,35,12.0,35,0.002106,35,5.802,50
2015,2,14,41.5,39,17.529,39,12.0,39,0.001353,39,4.015,56
2015,2,15,40.5,32,15.573,32,12.0,32,0.001065,32,4.233,52
2015,2,16,45.6,17,13.073,17,13.0,17,0.001391,17,4.078,34
2015,2,17,44.0,52,15.148,52,13.0,52,0.002052,52,3.921,73
2015,2,18,66.8,33,14.751,33,12.0,33,0.001635,33,3.931,54
2015,2,19,46.8,29,15.354,29,13.0,29,0.001518,29,3.899,50
2015,2,20,56.2,46,17.810,46,13.0,46,0.001206,46,4.093,71
2015,2,21,50.2,39,13.769,39,15.0,39,0.002106,39,3.956,56
2015,2,22,49.6,36,14.922,36,15.0,36,0.002569,36,4.048,59
2015,2,23,43.3,38,14.896,38,14.0,38,0.001961,38,4.245,57
2015,3,0,36.1,22,17.076,22,13.0,22,0.001573,22,3.760,31
2015,3,1,113.6,8,16.008,8,16.0,8,0.002111,8,2.714,11
2015,3,2,34.2,8,15.303,8,11.5,8,0.001705,8,4.177,10
2015,3,3,246.0,6,1.332,6,32.0,6,0.011025,6,1.309,13
2015,3,4,33.3,4,35.036,4,12.5,4,0.000353,4,5.501,5
2015,3,5,43.6,9,18.182,9,16.0,9,0.002962,9,14.752,10
2015,3,6,16.5,3,42.506,3,11.0,3,0.002753,3,3.938,7
2015,3,7,44.3,13,17.050,13,12.0,13,0.001165,13,4.369,13
2015,3,8,94.1,11,12.958,11,15.0,11,0.001999,11,16.427,13
2015,3,9,39.1,20,18.231,20,13.0,20,0.001350,20,5.540,27
2015,3,10,32.8,26,19.986,26,11.0,26,0.001395,26,7.245,34
2015,3,11,44.1,21,9.656,21,13.0,21,0.003018,21,4.009,28
2015,3,12,65.9,29,9.803,29,13.0,29,0.003604,29,4.292,47
2015,3,13,59.5,21,16.970,21,13.0,21,0.002882,21,4.147,30
2015,3,14,39.7,23,12.553,23,13.0,23,0.002267,23,4.203,35
2015,3,15,45.6,36,10.625,36,13.0,36,0.003784,36,3.853,49
2015,3,16,41.4,36,16.244,36,13.0,36,0.001700,36,14.601,44
2015,3,17,50.1,24,7.938,24,13.5,24,0.001728,24,4.243,30
2015,3,18,40.6,41,12.195,41,13.0,41,0.001682,41,4.001,53
2015,3,19,43.3,40,14.685,40,13.5,40,0.001127,40,4.214,49
2015,3,20,39.8,34,13.616,34,14.0,34,0.002216,34,3.880,45
2015,3,21,33.3,30,16.161,30,14.5,30,0.001955,30,4.244,46
2015,3,22,42.6,35,11.061,35,15.0,35,0.003478,35,4.156,47
2015,3,23,40.9,23,12.575,23,14.0,23,0.001050,23,4.299,30
