year,month,day,average_rtt,average_rtt_n,download_throughput,download_throughput_n,minimum_rtt,minimum_rtt_n,packet_retransmit_rate,packet_retransmit_rate_n,upload_throughput,upload_throughput_n
2012,1,1,55.5,174,11.972,174,21.0,174,0.002005,174,3.044,370
2012,1,2,55.1,143,10.708,143,22.0,143,0.001360,143,3.178,345
2012,1,3,33.2,388,19.588,389,14.0,388,0.000158,388,4.377,670
2012,1,4,27.9,431,23.601,431,14.0,431,0.000127,431,4.327,1066
2012,1,5,56.0,142,10.462,142,21.0,142,0.002467,142,3.051,337
2012,1,6,54.6,118,11.922,119,24.0,118,0.001769,119,3.023,263
2012,1,7,51.3,162,13.084,162,20.5,162,0.001573,162,3.205,348
2012,1,8,50.3,162,12.325,162,22.5,162,0.001840,162,3.092,385
2012,1,9,49.0,147,13.139,147,21.0,147,0.001769,147,3.111,357
2012,1,10,46.0,175,13.386,175,19.0,175,0.001569,175,3.079,322
2012,1,11,53.9,132,13.078,132,22.0,132,0.002211,132,2.996,287
2012,1,12,57.0,196,12.667,196,21.5,196,0.001939,196,3.049,411
2012,1,13,53.8,172,13.055,172,22.0,172,0.001619,172,3.089,394
2012,1,14,49.8,155,12.217,155,21.0,155,0.001420,155,3.172,394
2012,1,15,54.3,201,11.810,201,23.0,201,0.001897,201,2.961,432
2012,1,16,53.5,148,13.381,148,20.0,148,0.001359,148,3.123,356
2012,1,17,54.0,137,14.300,137,22.0,137,0.001629,137,3.044,318
2012,1,18,56.3,138,12.943,138,22.0,138,0.001637,138,3.161,308
2012,1,19,47.6,129,13.500,129,20.0,129,0.001243,129,3.133,344
2012,1,20,52.5,138,12.680,138,22.0,138,0.001418,138,3.130,311
2012,1,21,51.7,195,12.084,195,23.0,195,0.001628,195,3.047,415
2012,1,22,55.9,157,11.560,157,24.0,157,0.001406,157,3.048,383
2012,1,23,56.0,138,12.246,138,21.0,138,0.001751,138,3.131,359
2012,1,24,51.1,127,14.675,127,23.0,127,0.001247,127,3.068,323
2012,1,25,46.4,179,14.755,179,20.0,179,0.001458,179,3.091,431
2012,1,26,57.5,131,13.786,131,21.0,131,0.001680,131,3.140,344
2012,1,27,53.4,169,14.708,169,24.0,169,0.001246,167,3.186,363
2012,1,28,54.0,164,11.790,164,22.0,164,0.001588,164,3.170,361
2012,1,29,50.3,211,11.504,211,22.0,211,0.001243,211,3.047,438
2012,1,30,55.6,122,9.604,122,21.5,122,0.001947,122,3.120,304
2012,1,31,47.0,141,15.244,141,21.0,141,0.001632,141,3.068,315
2012,2,1,46.9,160,12.965,160,21.0,160,0.001727,160,3.171,375
2012,2,2,54.6,159,11.370,159,21.0,159,0.001755,157,3.097,361
2012,2,3,52.7,144,11.919,144,21.5,144,0.001716,144,3.173,340
2012,2,4,49.1,250,15.570,250,20.0,250,0.001255,250,3.085,546
2012,2,5,47.0,209,13.372,209,20.0,209,0.001067,209,3.075,447
2012,2,6,53.7,171,13.144,171,21.0,171,0.001694,171,3.050,419
2012,2,7,53.8,186,10.534,186,20.0,186,0.001093,186,3.019,400
2012,2,8,50.8,231,12.867,231,23.0,231,0.001639,231,3.012,481
2012,2,9,49.8,215,13.000,215,21.0,215,0.001221,214,3.125,491
2012,2,10,49.0,192,12.294,192,22.5,192,0.001213,192,3.052,448
2012,2,11,51.6,252,12.116,252,21.5,252,0.001173,249,3.063,537
2012,2,12,53.8,251,11.557,251,20.0,251,0.001748,251,3.170,577
2012,2,13,50.4,233,14.350,233,22.0,233,0.001226,233,3.155,461
2012,2,14,50.3,190,13.438,190,21.0,190,0.001461,190,3.070,400
2012,2,15,52.3,212,11.393,212,20.5,212,0.001480,212,3.061,464
2012,2,16,49.5,220,12.540,220,21.0,220,0.001686,220,3.052,512
2012,2,17,44.8,202,11.058,202,19.0,202,0.001159,202,3.208,474
2012,2,18,41.5,285,11.117,285,19.0,285,0.001238,284,3.171,625
2012,2,19,44.8,308,12.324,308,19.0,308,0.001332,308,3.128,637
2012,2,20,48.7,240,13.325,240,19.5,240,0.001488,237,3.246,543
2012,2,21,49.8,247,11.634,247,20.0,247,0.001579,246,3.170,537
2012,2,22,50.9,223,13.487,223,20.0,223,0.001049,223,3.132,546
2012,2,23,43.0,230,14.777,230,19.5,230,0.001292,230,3.172,509
2012,2,24,47.9,202,13.528,202,20.0,202,0.000998,202,3.172,510
2012,2,25,49.3,246,13.264,246,20.0,246,0.001359,246,3.174,619
2012,2,26,47.0,254,13.305,254,21.0,254,0.001394,254,3.105,626
2012,2,27,49.8,208,12.308,208,21.0,208,0.001457,208,3.130,488
2012,2,28,48.9,227,11.612,227,20.0,227,0.001338,227,3.135,490
2012,2,29,52.0,198,10.982,198,21.0,198,0.001549,198,3.132,462
2012,3,1,53.2,208,12.172,208,21.0,208,0.001318,208,3.130,446
2012,3,2,45.2,205,14.092,205,20.0,205,0.001273,204,3.215,444
2012,3,3,48.3,235,13.387,235,20.0,235,0.001081,235,3.171,542
2012,3,4,47.9,254,11.736,254,20.0,254,0.001602,253,3.172,562
2012,3,5,47.1,209,12.959,209,21.0,209,0.001382,209,3.145,474
2012,3,6,55.4,225,12.744,225,23.0,225,0.001279,225,3.090,503
2012,3,7,45.8,182,14.528,182,20.0,182,0.001456,182,3.244,405
2012,3,8,52.1,145,12.954,145,20.0,145,0.001638,145,3.213,373
2012,3,9,48.1,181,13.712,181,19.0,181,0.001071,181,3.251,407
2012,3,10,63.1,239,11.276,239,28.0,239,0.001815,236,3.173,560
2012,3,11,50.6,252,13.926,252,21.0,252,0.001490,252,3.041,537
2012,3,12,51.9,203,14.869,203,21.0,203,0.001788,203,3.071,478
2012,3,13,51.9,194,13.438,194,24.0,194,0.001322,194,3.215,418
2012,3,14,51.9,171,13.919,171,23.0,171,0.001593,171,3.208,404
2012,3,15,50.0,164,11.819,164,19.0,164,0.001525,162,3.247,407
2012,3,16,46.7,221,15.129,221,19.0,221,0.001044,221,2.988,437
2012,3,17,56.0,194,13.504,194,24.0,194,0.001318,194,3.213,461
2012,3,18,44.6,179,14.387,179,21.0,179,0.001404,179,3.094,427
2012,3,19,49.5,187,13.291,187,22.0,187,0.001856,185,3.165,456
2012,3,20,44.4,128,10.312,128,19.0,128,0.001714,128,3.253,381
2012,3,21,52.0,161,14.843,161,20.0,161,0.001079,161,3.170,371
2012,3,22,48.6,175,15.271,175,20.0,175,0.001543,175,3.153,387
2012,3,23,47.6,168,12.607,168,22.0,168,0.001711,168,3.244,381
2012,3,24,54.4,198,12.417,198,22.5,198,0.001580,198,3.200,499
2012,3,25,50.2,228,13.029,228,22.0,228,0.001533,228,3.176,530
2012,3,26,46.7,195,12.300,195,19.0,195,0.001684,195,3.240,427
2012,3,27,49.0,193,12.555,193,21.0,193,0.001364,192,3.203,431
2012,3,28,46.7,165,12.444,165,21.0,165,0.001440,165,3.120,394
2012,3,29,45.6,189,13.605,189,20.0,189,0.001787,188,3.090,413
2012,3,30,49.0,161,12.993,161,20.0,161,0.001869,159,3.084,406
2012,3,31,50.8,211,13.076,211,21.0,211,0.001674,211,3.210,477
2012,4,1,48.8,268,12.670,268,20.0,268,0.001736,268,3.028,573
2012,4,2,42.3,248,14.993,248,19.0,248,0.001441,248,3.041,523
2012,4,3,47.5,184,12.542,184,20.0,184,0.001700,184,3.134,408
2012,4,4,44.3,198,14.776,198,19.0,198,0.001085,197,3.208,404
2012,4,5,48.0,187,13.730,187,20.0,187,0.001406,187,3.206,431
2012,4,6,51.4,198,14.233,198,20.5,198,0.001260,197,3.087,414
2012,4,7,52.6,200,14.366,200,22.0,200,0.001119,200,3.214,466
2012,4,8,49.5,198,13.785,198,20.0,198,0.001695,198,3.111,413
2012,4,9,48.1,204,14.571,204,19.0,204,0.001383,204,3.243,484
2012,4,10,51.3,194,13.422,194,21.0,194,0.002113,194,3.241,404
2012,4,11,52.4,202,11.498,202,19.0,202,0.001459,202,3.239,450
2012,4,12,49.4,192,13.015,192,19.5,192,0.001419,192,2.973,375
2012,4,13,48.0,183,13.624,183,19.0,183,0.001242,183,3.125,359
2012,4,14,45.2,213,11.977,213,20.0,213,0.001456,213,3.235,445
2012,4,15,51.7,222,12.954,222,20.0,222,0.001646,222,3.244,511
2012,4,16,48.9,213,14.552,213,19.0,213,0.001158,212,3.198,449
2012,4,17,47.8,161,12.659,161,19.0,161,0.000973,161,3.140,363
2012,4,18,49.0,184,12.681,184,19.0,184,0.001386,184,3.223,410
2012,4,19,41.6,188,13.814,188,18.0,188,0.001555,188,3.166,408
2012,4,20,47.9,171,13.344,171,20.0,171,0.001386,171,3.041,346
2012,4,21,45.3,195,12.587,196,18.0,195,0.001257,195,3.033,379
2012,4,22,49.4,240,12.440,240,21.0,240,0.001250,240,3.088,522
2012,4,23,49.2,185,12.949,186,21.0,185,0.001315,186,3.150,407
2012,4,24,49.7,192,13.688,192,19.5,192,0.001736,192,3.087,373
2012,4,25,46.1,172,14.687,172,19.0,172,0.000987,172,3.084,372
2012,4,26,46.8,199,13.226,199,19.0,199,0.001592,199,3.205,428
2012,4,27,48.1,193,15.360,193,20.0,193,0.001351,193,3.200,398
2012,4,28,47.6,234,13.364,234,19.0,234,0.001348,234,3.088,512
2012,4,29,46.2,200,14.409,200,19.0,200,0.001051,200,3.075,446
2012,4,30,50.5,194,13.439,194,20.0,194,0.001450,194,3.204,428
2012,5,1,45.1,215,13.870,215,20.0,215,0.001165,215,3.129,479
2012,5,2,45.6,198,14.255,198,19.0,198,0.001503,198,3.090,406
2012,5,3,45.7,207,13.111,207,20.0,207,0.001630,207,3.047,427
2012,5,4,48.4,196,15.030,196,19.0,196,0.001358,196,3.131,424
2012,5,5,46.9,192,15.127,192,19.0,192,0.001405,192,3.087,435
2012,5,6,46.2,189,15.218,189,19.0,189,0.001003,189,3.124,458
2012,5,7,46.3,195,13.486,195,20.0,195,0.001444,195,3.115,421
2012,5,8,48.9,194,12.239,194,20.0,194,0.001536,194,3.104,431
2012,5,9,47.4,240,13.094,240,19.0,240,0.001779,240,3.175,482
2012,5,10,52.8,213,13.089,213,20.0,213,0.001267,213,3.128,457
2012,5,11,49.0,242,14.211,242,19.0,242,0.001556,241,3.175,478
2012,5,12,51.8,207,12.925,207,20.0,207,0.001362,207,3.237,444
2012,5,13,46.9,201,14.632,201,19.0,201,0.000966,201,3.225,422
2012,5,14,48.4,189,14.558,189,19.0,189,0.001537,189,3.082,433
2012,5,15,50.2,208,13.797,208,21.0,208,0.001642,208,3.211,444
2012,5,16,52.1,174,12.330,174,21.0,174,0.001933,174,3.002,388
2012,5,17,48.6,187,12.806,187,20.0,187,0.001909,186,3.111,409
2012,5,18,51.1,196,12.580,196,20.0,196,0.002413,196,3.160,460
2012,5,19,44.2,191,14.103,191,19.0,191,0.001171,191,3.130,420
2012,5,20,42.9,233,14.638,233,19.0,233,0.001356,233,3.054,505
2012,5,21,45.8,190,13.474,190,19.0,190,0.001862,190,3.051,461
2012,5,22,46.1,184,14.141,184,20.0,184,0.001326,184,3.130,396
2012,5,23,49.9,157,12.579,157,19.0,157,0.002003,157,3.230,366
2012,5,24,48.0,206,12.098,206,18.0,206,0.001373,206,3.086,442
2012,5,25,44.2,168,12.193,168,18.0,168,0.001764,168,3.170,365
2012,5,26,44.2,193,15.947,193,18.0,193,0.001108,193,3.167,387
2012,5,27,47.5,216,12.961,216,19.0,216,0.001715,216,3.043,459
2012,5,28,49.3,203,13.534,203,19.0,203,0.001388,203,3.167,465
2012,5,29,49.5,195,12.957,195,19.0,195,0.001022,195,3.056,429
2012,5,30,50.1,208,13.627,208,19.0,208,0.001520,208,3.056,423
2012,5,31,50.8,206,14.120,206,20.0,206,0.001662,206,3.160,434
2012,6,1,47.8,191,12.843,191,18.0,191,0.001468,191,3.145,428
2012,6,2,45.6,226,14.462,226,18.5,226,0.001498,226,3.205,524
2012,6,3,46.4,230,13.257,230,19.0,230,0.001483,230,2.981,488
2012,6,4,43.6,222,14.592,222,18.0,222,0.001481,222,3.167,493
2012,6,5,52.5,175,13.671,175,23.0,175,0.001439,175,3.121,409
2012,6,6,52.1,207,12.342,207,20.0,207,0.001783,206,3.040,454
2012,6,7,57.9,221,12.740,221,20.0,221,0.001661,221,3.167,460
2012,6,8,51.2,203,14.316,203,20.0,203,0.000996,203,3.161,419
2012,6,9,46.9,188,13.012,189,19.0,188,0.001392,189,3.173,378
2012,6,10,51.6,200,11.640,200,20.0,200,0.001567,200,3.134,428
2012,6,11,48.5,187,11.998,187,21.0,187,0.001655,187,2.970,411
2012,6,12,45.4,196,13.833,196,18.5,196,0.001211,195,3.022,445
2012,6,13,50.0,198,14.227,198,20.0,198,0.001505,198,2.980,421
2012,6,14,49.4,153,15.105,153,19.0,153,0.001330,153,3.072,356
2012,6,15,44.6,175,11.936,175,19.0,175,0.001534,175,3.088,382
2012,6,16,54.2,180,13.187,180,19.0,180,0.001343,180,3.150,432
2012,6,17,46.5,203,13.466,203,19.0,203,0.001280,201,3.149,448
2012,6,18,43.7,200,14.689,200,19.0,200,0.001728,200,3.165,424
2012,6,19,47.5,209,13.752,209,19.0,209,0.001849,209,3.175,443
2012,6,20,43.1,171,13.876,171,19.0,171,0.001172,171,3.144,379
2012,6,21,47.8,173,14.041,173,19.0,173,0.001563,173,3.211,404
2012,6,22,45.4,158,14.555,158,20.0,158,0.001690,158,3.163,391
2012,6,23,47.5,181,15.790,181,19.0,181,0.001097,181,3.050,416
2012,6,24,48.3,227,14.976,227,19.0,227,0.001363,227,3.182,490
2012,6,25,50.4,192,14.657,192,20.0,192,0.001142,191,3.118,438
2012,6,26,46.7,185,13.934,185,20.0,185,0.001681,185,3.212,426
2012,6,27,45.3,177,13.666,177,19.0,177,0.001754,177,3.047,374
2012,6,28,46.3,203,14.891,203,19.0,203,0.001704,203,3.163,439
2012,6,29,47.7,206,15.112,206,19.0,206,0.001539,206,3.244,408
2012,6,30,45.8,180,14.129,180,20.0,180,0.002018,180,3.165,409
2012,7,1,51.8,217,11.768,217,21.0,217,0.001573,217,3.046,488
2012,7,2,56.4,169,12.055,169,23.0,169,0.001711,169,3.092,374
2012,7,3,42.3,194,15.440,194,19.0,194,0.001586,194,2.975,395
2012,7,4,46.1,199,14.763,199,18.0,199,0.001342,199,3.049,399
2012,7,5,46.2,184,16.339,184,17.0,184,0.001285,184,3.085,417
2012,7,6,40.8,206,14.321,206,19.0,206,0.001100,206,3.166,390
2012,7,7,45.6,201,14.465,201,19.0,201,0.001200,201,3.129,487
2012,7,8,48.0,230,13.515,230,20.0,230,0.001672,230,3.089,535
2012,7,9,44.3,221,11.637,221,19.0,221,0.001448,221,3.086,502
2012,7,10,51.1,241,12.586,241,21.0,241,0.002071,241,3.043,506
2012,7,11,46.5,222,14.436,222,19.0,222,0.001296,222,3.131,472
2012,7,12,43.5,208,14.637,208,19.0,208,0.002203,208,3.193,452
2012,7,13,47.4,177,13.963,177,19.0,177,0.001734,177,3.244,407
2012,7,14,50.6,212,12.974,212,20.0,212,0.001966,212,3.053,469
2012,7,15,48.9,236,12.492,236,19.5,236,0.001839,236,3.165,511
2012,7,16,50.5,227,12.296,227,19.0,227,0.001512,227,3.128,499
2012,7,17,43.2,211,13.410,211,19.0,211,0.002832,211,3.241,456
2012,7,18,46.8,192,12.825,192,19.0,192,0.001730,192,3.127,438
2012,7,19,49.6,238,13.464,238,19.0,238,0.002344,238,3.054,489
2012,7,20,42.9,215,14.130,215,19.0,215,0.001627,215,3.245,477
2012,7,21,49.7,207,11.800,207,20.0,207,0.001658,207,2.983,460
2012,7,22,50.6,233,12.887,233,20.0,233,0.001779,232,3.074,504
2012,7,23,51.5,221,13.502,221,19.0,221,0.001698,221,3.038,501
2012,7,24,46.3,226,13.730,226,18.5,226,0.001682,226,3.005,484
2012,7,25,42.9,230,14.251,230,19.0,230,0.001228,230,3.130,465
2012,7,26,44.3,198,15.198,198,18.0,198,0.001792,198,3.210,484
2012,7,27,47.3,191,13.591,191,19.0,191,0.001423,191,3.023,428
2012,7,28,46.3,204,16.534,204,18.0,204,0.001246,204,3.228,500
2012,7,29,42.8,278,15.235,278,18.0,278,0.001623,278,3.051,583
2012,7,30,44.2,247,16.469,247,19.0,247,0.001220,247,3.046,499
2012,7,31,44.4,203,15.014,203,19.0,203,0.001833,203,3.136,479
2012,8,1,46.0,225,15.713,225,18.0,225,0.001225,225,3.211,518
2012,8,2,41.9,214,14.826,214,19.0,214,0.001183,214,3.032,469
2012,8,3,50.6,233,11.978,233,20.0,233,0.001785,232,3.084,454
2012,8,4,46.0,242,14.180,242,19.0,242,0.001753,242,3.171,547
2012,8,5,52.9,284,13.263,284,20.0,284,0.001309,283,3.208,564
2012,8,6,46.0,216,14.535,216,18.5,216,0.001107,216,3.089,491
2012,8,7,48.1,242,15.121,242,19.0,242,0.001291,242,3.009,530
2012,8,8,41.3,236,16.277,236,18.0,236,0.001467,236,3.162,508
2012,8,9,41.0,254,13.699,254,18.0,254,0.002346,254,3.015,481
2012,8,10,40.4,197,17.632,197,17.0,197,0.001521,197,3.207,400
2012,8,11,42.6,227,15.126,227,18.0,227,0.002086,227,3.173,466
2012,8,12,44.9,296,12.757,296,18.0,296,0.002089,296,3.083,573
2012,8,13,51.2,277,14.526,277,19.0,277,0.001465,277,3.192,536
2012,8,14,46.9,272,14.408,272,19.0,272,0.001746,272,3.131,499
2012,8,15,41.6,238,15.056,238,18.0,238,0.001489,238,3.088,464
2012,8,16,43.7,270,14.981,270,18.0,270,0.001708,270,3.208,475
2012,8,17,39.1,254,15.614,254,17.5,254,0.001559,254,3.239,493
2012,8,18,41.9,318,16.102,318,18.0,318,0.001493,318,3.172,598
2012,8,19,42.9,331,16.421,331,19.0,331,0.002120,331,3.247,613
2012,8,20,53.3,253,14.080,253,19.0,253,0.001694,253,3.087,528
2012,8,21,46.5,275,15.535,275,18.0,275,0.002050,275,3.243,556
2012,8,22,47.2,244,13.559,244,19.0,244,0.002056,244,3.251,524
2012,8,23,41.5,217,15.550,217,18.0,217,0.001826,217,3.249,460
2012,8,24,42.6,246,14.170,246,18.0,246,0.002014,246,3.206,494
2012,8,25,47.2,222,14.399,222,19.0,222,0.001829,222,3.249,469
2012,8,26,49.9,262,13.861,262,19.5,262,0.001577,262,3.211,540
2012,8,27,45.4,255,15.489,255,19.0,255,0.001475,255,3.117,498
2012,8,28,52.2,234,14.233,234,20.0,234,0.001605,234,3.210,445
2012,8,29,43.7,251,14.273,251,19.0,251,0.001783,251,3.286,467
2012,8,30,43.1,217,13.042,217,19.0,217,0.002465,217,3.291,453
2012,8,31,42.6,221,14.373,221,20.0,221,0.002613,221,3.285,452
2012,9,1,43.6,293,15.539,293,19.0,293,0.001775,292,3.210,557
2012,9,2,44.7,310,14.076,310,18.0,310,0.001995,310,3.250,611
2012,9,3,48.5,330,14.633,330,19.0,330,0.001708,330,3.207,662
2012,9,4,49.6,277,14.512,277,19.0,277,0.002235,277,3.208,505
2012,9,5,46.2,254,14.553,254,19.0,254,0.001772,254,3.249,521
2012,9,6,42.1,268,14.959,268,18.0,268,0.001959,268,3.325,532
2012,9,7,47.1,216,16.089,216,19.0,216,0.001318,216,3.255,423
2012,9,8,47.6,244,14.351,244,20.0,244,0.001851,244,3.248,519
2012,9,9,44.2,290,14.581,290,19.0,290,0.001873,290,3.282,570
2012,9,10,44.1,262,13.285,262,18.0,262,0.002416,262,3.239,500
2012,9,11,45.8,221,14.960,221,18.0,221,0.001829,221,3.237,463
2012,9,12,48.7,221,15.671,221,19.0,221,0.001971,221,3.249,424
2012,9,13,43.6,238,13.939,238,20.0,238,0.001942,238,3.250,468
2012,9,14,44.9,267,13.152,267,19.0,267,0.002464,267,3.249,527
2012,9,15,45.6,272,14.752,272,19.0,272,0.001894,272,3.255,525
2012,9,16,45.7,295,15.520,295,19.0,295,0.001977,295,3.253,575
2012,9,17,50.4,245,13.232,245,19.0,245,0.001745,245,3.252,468
2012,9,18,47.5,312,14.012,312,19.0,312,0.001734,312,3.206,592
2012,9,19,45.2,279,13.822,279,18.0,279,0.001731,279,3.253,598
2012,9,20,45.6,231,15.614,231,19.0,231,0.001518,231,3.287,490
2012,9,21,51.1,244,12.450,244,20.0,244,0.002441,244,3.250,483
2012,9,22,47.7,288,13.911,288,19.0,288,0.002010,287,3.248,609
2012,9,23,48.1,313,13.366,313,20.0,313,0.001500,313,3.249,636
2012,9,24,45.1,247,15.254,247,19.0,247,0.001869,247,3.252,488
2012,9,25,47.6,281,13.653,281,20.0,281,0.002484,281,3.207,545
2012,9,26,50.3,333,12.080,333,20.0,333,0.001902,333,3.214,615
2012,9,27,45.1,259,15.166,259,18.0,259,0.001733,259,3.235,506
2012,9,28,47.2,211,13.833,211,19.0,211,0.002092,211,3.244,446
2012,9,29,50.8,258,13.346,258,19.0,258,0.001717,258,3.285,532
2012,9,30,49.6,243,12.468,243,20.0,243,0.002551,243,3.245,487
2012,10,1,49.7,201,12.917,201,20.0,201,0.002576,201,3.248,408
2012,10,2,51.8,228,13.323,228,20.0,228,0.001476,228,3.249,455
2012,10,3,54.4,210,12.846,210,20.0,210,0.001963,209,3.279,444
2012,10,4,47.0,237,12.950,237,18.0,237,0.002273,237,3.249,459
2012,10,5,46.5,223,14.090,223,20.0,223,0.001733,223,3.252,452
2012,10,6,46.5,275,15.237,275,19.0,275,0.002499,274,3.182,547
2012,10,7,48.0,326,14.811,326,19.0,326,0.001750,326,3.250,643
2012,10,8,47.9,125,14.664,125,19.0,125,0.001693,125,3.288,280
2012,10,9,52.1,73,11.479,73,18.0,73,0.001820,73,3.289,138
2012,10,10,45.9,81,16.972,81,20.0,81,0.001497,81,3.252,179
2012,10,11,46.4,54,14.010,54,17.0,54,0.001823,54,3.137,132
2012,10,12,40.1,67,18.415,67,19.0,67,0.001760,67,3.248,142
2012,10,13,46.9,78,14.954,78,19.0,78,0.001874,78,3.230,176
2012,10,14,48.8,77,15.324,77,19.0,77,0.002388,77,3.212,185
2012,10,15,46.7,68,14.739,68,19.0,68,0.001839,68,3.289,142
2012,10,16,39.4,72,17.838,72,17.0,72,0.001410,72,3.292,143
2012,10,17,37.2,64,15.988,64,16.5,64,0.001158,64,3.251,161
2012,10,18,49.2,87,13.485,87,19.0,87,0.002503,87,3.250,147
2012,10,19,42.6,63,13.096,63,19.0,63,0.002553,63,3.291,157
2012,10,20,45.1,86,16.342,87,18.0,86,0.001878,87,3.170,178
2012,10,21,48.3,86,15.452,86,19.0,86,0.002515,86,3.053,169
2012,10,22,43.2,67,13.211,67,18.0,67,0.002245,67,3.029,147
2012,10,23,47.4,87,13.241,87,19.0,87,0.003036,87,3.290,169
2012,10,24,45.4,82,14.509,82,18.0,82,0.002320,82,3.291,169
2012,10,25,43.5,69,15.998,69,17.0,69,0.001601,69,3.291,158
2012,10,26,42.4,60,16.374,60,19.0,60,0.001811,60,3.213,130
2012,10,27,42.6,81,14.835,81,18.0,81,0.002064,81,3.256,171
2012,10,28,46.5,87,12.142,87,18.0,87,0.001626,87,3.289,171
2012,10,29,51.8,92,15.998,92,24.0,92,0.001756,92,3.247,188
2012,10,30,56.2,64,11.910,64,19.0,64,0.002475,63,3.251,164
2012,10,31,44.3,71,11.585,71,18.0,71,0.003207,71,3.109,138
2012,11,1,59.1,111,1.029,111,38.0,111,0.043392,111,3.054,144
2012,11,2,46.1,91,1.795,91,21.0,91,0.016344,90,3.252,139
2012,11,3,43.6,91,14.612,91,19.0,91,0.001285,91,3.213,188
2012,11,4,51.3,98,15.929,98,20.5,98,0.002109,98,3.157,186
2012,11,5,50.4,76,16.030,76,21.0,76,0.001426,76,3.251,172
2012,11,6,49.9,49,10.291,49,20.0,49,0.002250,49,3.294,114
2012,11,7,51.5,70,14.896,70,20.0,70,0.001864,70,3.290,135
2012,11,8,54.9,63,13.624,63,20.0,63,0.003008,63,3.294,120
2012,11,9,47.6,68,15.340,68,21.0,68,0.002017,68,3.253,136
2012,11,10,42.8,82,16.319,82,18.5,82,0.001415,82,3.250,147
2012,11,11,65.4,64,8.202,64,24.0,64,0.002315,64,3.217,147
2012,11,12,56.6,113,11.359,113,21.0,113,0.003152,113,3.252,196
2012,11,13,44.8,64,16.380,64,20.0,64,0.002237,64,3.211,132
2012,11,14,48.1,51,17.336,51,22.0,51,0.001464,51,3.252,109
2012,11,15,46.6,75,16.630,75,20.0,75,0.001390,75,3.292,156
2012,11,16,50.1,121,12.999,121,20.0,121,0.001383,121,3.249,272
2012,11,17,51.5,292,13.743,292,21.0,292,0.001718,292,3.213,498
2012,11,18,51.4,292,8.951,292,22.0,292,0.002644,292,3.253,551
2012,11,19,49.3,224,14.502,224,20.0,224,0.002054,224,3.214,470
2012,11,20,47.8,157,14.149,157,20.0,157,0.001938,157,3.225,298
2012,11,21,54.4,191,14.372,191,20.0,191,0.002140,191,3.271,438
2012,11,22,49.2,230,14.381,230,21.0,230,0.002177,229,3.188,458
2012,11,23,48.6,239,12.281,239,20.0,239,0.002226,239,3.267,451
2012,11,24,49.3,256,13.100,256,20.0,256,0.002511,256,3.252,478
2012,11,25,56.0,273,12.420,273,20.0,273,0.002448,273,3.254,504
2012,11,26,53.0,188,11.732,188,20.0,188,0.002431,188,3.176,420
2012,11,27,52.6,233,11.784,233,20.0,233,0.002671,233,3.253,486
2012,11,28,56.5,208,15.923,208,21.0,208,0.001697,208,3.200,441
2012,11,29,52.7,233,13.234,233,22.0,233,0.002620,233,3.076,491
2012,11,30,50.0,221,14.777,221,21.0,221,0.002525,221,3.205,452
2012,12,1,51.2,207,15.215,207,22.0,207,0.002051,207,3.254,438
2012,12,2,50.0,275,12.217,275,21.0,275,0.002213,274,3.213,542
2012,12,3,51.0,220,13.650,220,22.0,220,0.002610,220,3.169,459
2012,12,4,48.3,232,13.153,232,20.0,232,0.001988,232,3.253,500
2012,12,5,51.9,204,13.725,204,20.5,204,0.002232,204,3.253,434
2012,12,6,46.6,201,14.818,201,20.0,201,0.001916,200,3.291,469
2012,12,7,56.5,209,13.583,209,21.0,209,0.001972,209,3.252,431
2012,12,8,49.7,269,13.137,269,20.0,269,0.001961,269,3.286,489
2012,12,9,45.1,274,12.104,274,20.0,274,0.002247,274,3.253,580
2012,12,10,50.2,210,13.815,210,20.0,210,0.002047,209,3.249,418
2012,12,11,49.6,225,16.817,225,20.0,225,0.002045,224,3.215,444
2012,12,12,48.9,199,15.470,199,21.0,199,0.002269,199,3.214,448
2012,12,13,50.2,222,14.096,222,21.5,222,0.002146,221,3.291,452
2012,12,14,50.7,193,13.878,193,20.0,193,0.002237,191,3.051,436
2012,12,15,50.6,257,12.650,257,21.0,257,0.002182,257,3.192,448
2012,12,16,45.8,246,14.187,246,20.0,246,0.001829,245,3.254,505
2012,12,17,53.6,193,12.074,193,21.0,193,0.002486,193,3.253,382
2012,12,18,45.5,131,15.808,131,19.0,131,0.001813,131,3.051,263
2012,12,19,50.1,137,14.005,137,20.0,137,0.001775,137,3.171,302
2012,12,20,56.6,126,17.952,126,23.0,126,0.002933,126,3.254,270
2012,12,21,51.1,148,13.155,148,20.0,148,0.002385,148,3.211,294
2012,12,22,42.8,163,15.638,163,19.0,163,0.001666,163,3.290,347
2012,12,23,45.9,166,13.174,166,20.0,166,0.002603,166,3.215,316
2012,12,24,48.7,137,13.791,137,20.0,137,0.001912,137,3.214,276
2012,12,25,47.5,153,10.122,153,19.0,153,0.003126,153,3.294,298
2012,12,26,51.2,163,10.294,163,23.0,163,0.002277,163,3.128,318
2012,12,27,50.9,155,12.706,155,21.0,155,0.002934,155,3.290,294
2012,12,28,44.8,149,13.164,149,20.0,149,0.001989,149,3.288,312
2012,12,29,50.8,243,12.726,243,21.0,243,0.001970,243,3.214,438
2012,12,30,50.5,243,9.911,243,21.0,243,0.003410,243,3.290,427
2012,12,31,46.4,123,13.566,123,20.0,123,0.001953,123,3.293,253
2013,1,1,46.6,204,13.733,204,20.0,204,0.002294,204,3.293,370
2013,1,2,46.0,147,12.098,147,19.0,147,0.003287,147,3.290,276
2013,1,3,50.0,144,15.065,144,20.0,144,0.002417,143,3.250,270
2013,1,4,43.9,142,14.912,142,20.0,142,0.002401,142,3.141,314
2013,1,5,49.7,185,8.322,185,20.0,185,0.003133,185,3.227,330
2013,1,6,46.7,176,12.391,176,20.0,176,0.002233,176,3.230,356
2013,1,7,49.5,155,9.665,155,22.0,155,0.003271,155,3.255,294
2013,1,8,46.4,150,15.909,150,20.0,150,0.001777,150,3.212,291
2013,1,9,45.9,144,11.545,144,21.0,144,0.002971,144,3.134,275
2013,1,10,48.1,137,11.372,137,20.0,137,0.002602,137,3.252,272
2013,1,11,48.8,141,12.573,141,21.0,141,0.001886,141,3.288,293
2013,1,12,44.1,190,12.598,190,20.5,190,0.002214,190,3.151,360
2013,1,13,48.3,165,8.614,166,21.0,165,0.002882,166,3.253,276
2013,1,14,50.9,141,12.057,141,20.0,141,0.002491,141,3.295,309
2013,1,15,48.3,161,15.190,161,20.0,161,0.002327,161,3.292,374
2013,1,16,48.4,166,13.609,166,20.0,166,0.002806,166,3.326,334
2013,1,17,50.5,142,11.989,142,21.0,142,0.003290,142,3.285,313
2013,1,18,61.9,150,12.544,150,21.0,150,0.003233,150,3.234,305
2013,1,19,47.1,175,15.463,175,22.0,175,0.002577,174,3.292,361
2013,1,20,44.1,189,13.798,189,19.0,189,0.002385,189,3.176,391
2013,1,21,49.9,146,12.044,146,18.0,146,0.001801,146,3.292,320
2013,1,22,62.4,149,16.137,150,20.0,149,0.002581,150,3.269,320
2013,1,23,50.8,135,11.151,135,21.0,135,0.003254,135,3.200,271
2013,1,24,58.3,157,12.611,157,21.0,157,0.003041,157,3.242,323
2013,1,25,49.6,181,14.051,181,20.0,181,0.002058,181,3.290,368
2013,1,26,50.0,216,13.417,216,20.0,216,0.002313,216,3.185,413
2013,1,27,47.8,256,13.690,256,20.0,256,0.002269,256,3.224,448
2013,1,28,51.0,133,16.380,133,20.0,133,0.001755,133,3.251,266
2013,1,29,55.1,61,15.984,61,21.0,61,0.002285,61,3.193,135
2013,1,30,45.4,68,11.127,68,20.0,68,0.002014,68,3.253,142
2013,1,31,45.5,72,9.216,72,20.0,72,0.002489,71,3.178,136
2013,2,1,58.5,89,11.795,89,21.0,89,0.001910,89,3.291,170
2013,2,2,48.8,107,15.602,107,19.0,107,0.001819,107,3.253,204
2013,2,3,48.1,87,14.913,87,19.0,87,0.001839,87,3.252,175
2013,2,4,49.0,75,13.601,75,20.0,75,0.002160,75,3.252,179
2013,2,5,49.0,69,12.924,69,21.0,69,0.001838,69,3.251,134
2013,2,6,44.9,85,10.350,85,20.0,85,0.001449,85,3.370,162
2013,2,7,52.0,60,13.667,60,22.0,60,0.004050,60,3.291,125
2013,2,8,53.2,80,12.116,80,21.0,80,0.002624,80,3.411,171
2013,2,9,50.0,93,14.403,93,22.0,93,0.001888,93,3.312,188
2013,2,10,47.7,88,13.803,88,21.0,88,0.001819,88,3.373,168
2013,2,11,41.8,76,16.396,76,19.5,76,0.001534,76,3.289,163
2013,2,12,53.9,73,17.137,73,21.0,73,0.002267,73,3.132,153
2013,2,13,52.5,69,13.388,69,20.0,69,0.001415,69,3.330,159
2013,2,14,58.9,37,10.982,37,22.0,37,0.001891,37,3.363,98
2013,2,15,53.5,83,14.831,83,23.0,83,0.002341,83,3.292,139
2013,2,16,51.2,86,14.570,86,23.0,86,0.002352,86,3.251,159
2013,2,17,48.3,94,15.991,94,20.0,94,0.001916,94,3.288,208
2013,2,18,54.5,78,12.770,78,20.0,78,0.001290,78,3.220,156
2013,2,19,46.4,71,13.339,71,21.0,71,0.003726,71,3.291,137
2013,2,20,47.5,71,19.410,71,20.0,71,0.002246,71,3.286,141
2013,2,21,51.0,50,15.277,50,21.0,50,0.002343,50,3.447,119
2013,2,22,47.6,64,18.270,64,22.0,64,0.003273,64,3.287,125
2013,2,23,45.1,68,17.572,68,21.5,68,0.001922,68,3.450,155
2013,2,24,46.4,99,15.331,99,22.0,99,0.001744,98,3.251,192
2013,2,25,41.6,69,15.674,69,20.0,69,0.002069,69,3.280,137
2013,2,26,58.5,71,16.593,71,22.0,71,0.002172,71,3.283,143
2013,2,27,52.7,69,16.415,69,22.0,69,0.001637,69,3.408,144
2013,2,28,43.5,58,11.629,58,20.0,58,0.002425,58,3.292,133
2013,3,1,49.7,77,12.931,77,24.0,77,0.002688,77,3.290,132
2013,3,2,55.0,86,13.634,86,23.0,86,0.001940,86,3.288,153
2013,3,3,43.4,72,15.109,72,20.0,72,0.002106,72,3.372,145
2013,3,4,42.7,88,13.078,88,20.5,88,0.001065,88,3.289,159
2013,3,5,45.4,130,13.036,130,20.0,130,0.001732,130,3.286,282
2013,3,6,48.9,143,14.236,143,21.0,143,0.001938,143,3.410,286
2013,3,7,46.7,109,15.411,109,20.0,109,0.003440,109,3.398,217
2013,3,8,45.5,153,14.000,153,19.0,153,0.002765,153,3.369,259
2013,3,9,52.9,169,13.480,169,21.0,169,0.002435,169,3.467,294
2013,3,10,52.8,195,14.732,195,21.0,195,0.002161,195,3.368,312
2013,3,11,47.1,117,14.347,117,20.0,117,0.001655,117,3.406,248
2013,3,12,51.7,154,8.869,154,20.0,154,0.004034,154,3.344,286
2013,3,13,51.2,103,11.716,103,22.0,103,0.002382,103,3.326,214
2013,3,14,42.8,119,15.362,119,21.0,119,0.002159,119,3.489,259
2013,3,15,45.7,132,15.062,132,21.0,132,0.002390,132,3.407,270
2013,3,16,50.5,166,13.918,166,24.0,166,0.002616,166,3.450,281
2013,3,17,52.0,154,13.591,154,21.0,154,0.002161,154,3.387,288
2013,3,18,53.4,138,10.314,138,22.0,138,0.003343,138,3.339,270
2013,3,19,49.5,134,13.483,134,21.0,134,0.003636,134,3.362,257
2013,3,20,47.8,118,11.241,118,22.5,118,0.003999,118,3.327,237
2013,3,21,57.6,128,13.446,128,26.0,128,0.001996,128,3.357,266
2013,3,22,42.9,104,15.927,104,21.0,104,0.002610,104,3.446,235
2013,3,23,47.9,147,15.236,147,20.0,147,0.002153,147,3.404,282
2013,3,24,47.3,157,14.267,157,19.0,157,0.002706,157,3.447,311
2013,3,25,46.9,147,14.990,147,21.0,147,0.003261,147,3.325,292
2013,3,26,47.4,122,13.997,122,19.0,122,0.002837,122,3.403,263
2013,3,27,45.6,120,15.436,120,22.0,120,0.002896,120,3.464,234
2013,3,28,44.5,110,16.614,110,21.5,110,0.002948,110,3.404,250
2013,3,29,44.1,116,16.658,116,20.0,116,0.002510,116,3.363,288
2013,3,30,45.9,161,17.508,161,20.0,161,0.002079,161,3.446,291
2013,3,31,51.4,158,15.747,158,21.0,158,0.002124,158,3.448,339
2013,4,1,51.9,157,16.534,157,22.0,157,0.002490,157,3.437,329
2013,4,2,52.1,134,13.148,134,23.0,134,0.002437,134,3.443,292
2013,4,3,52.1,161,15.124,161,20.0,161,0.002561,161,3.443,323
2013,4,4,53.1,134,16.117,134,21.0,134,0.002807,134,3.445,266
2013,4,5,42.8,137,14.228,137,20.0,137,0.003764,137,3.443,258
2013,4,6,48.8,122,14.621,122,19.0,122,0.001941,122,3.444,245
2013,4,7,49.2,114,12.877,114,22.0,114,0.002524,114,3.483,261
2013,4,8,45.0,116,15.534,116,20.0,116,0.002942,116,3.486,242
2013,4,9,51.7,103,14.732,103,20.0,103,0.002396,103,3.487,222
2013,4,10,45.9,92,17.979,92,20.0,92,0.002918,92,3.443,187
2013,4,11,43.2,87,14.239,87,19.0,87,0.002619,87,3.485,177
2013,4,12,45.0,128,18.440,128,21.0,128,0.003177,128,3.443,249
2013,4,13,47.9,120,16.015,120,21.0,120,0.002606,120,3.441,287
2013,4,14,46.0,165,17.188,165,20.0,165,0.001960,165,3.443,321
2013,4,15,49.8,132,14.247,133,21.0,132,0.001851,133,3.443,274
2013,4,16,43.7,109,17.677,109,20.0,109,0.003524,109,3.475,244
2013,4,17,42.8,92,17.738,92,20.0,92,0.003196,92,3.762,224
2013,4,18,44.8,100,16.648,100,19.0,100,0.002670,100,3.484,203
2013,4,19,50.9,104,15.634,104,24.0,104,0.003496,103,3.449,203
2013,4,20,47.5,129,12.146,129,21.0,129,0.003365,129,3.477,268
2013,4,21,45.3,142,14.341,142,20.0,142,0.002453,141,3.473,296
2013,4,22,47.5,88,14.847,88,21.0,88,0.004189,88,3.442,204
2013,4,23,44.8,109,13.910,109,22.0,109,0.003433,109,3.437,225
2013,4,24,41.6,115,19.545,115,19.0,115,0.002466,115,4.077,243
2013,4,25,43.7,112,19.454,112,19.0,112,0.002965,112,3.476,207
2013,4,26,44.3,98,19.532,98,19.0,98,0.002256,98,3.477,204
2013,4,27,49.0,135,13.335,135,21.0,135,0.002350,134,3.443,255
2013,4,28,42.9,117,18.197,117,19.0,117,0.002216,117,3.480,231
2013,4,29,44.1,88,17.735,88,21.0,88,0.003143,88,3.480,211
2013,4,30,46.5,93,10.901,93,25.0,93,0.003376,93,3.443,204
2013,5,1,45.4,92,19.241,92,21.0,92,0.002755,92,3.469,203
2013,5,2,50.0,97,15.734,97,21.0,97,0.001398,97,3.481,227
2013,5,3,48.1,85,18.352,85,20.0,85,0.001292,85,3.481,190
2013,5,4,47.9,96,12.558,96,21.0,96,0.003236,96,3.472,215
2013,5,5,44.6,100,14.520,100,20.0,100,0.002836,100,3.474,227
2013,5,6,41.6,96,17.910,96,19.0,96,0.002536,96,3.612,212
2013,5,7,41.3,89,15.344,89,21.0,89,0.002149,89,3.482,217
2013,5,8,46.1,83,17.318,83,20.0,83,0.001655,83,3.479,206
2013,5,9,48.2,105,16.216,105,20.0,105,0.002558,105,3.479,238
2013,5,10,44.7,85,16.554,85,19.0,85,0.001807,85,3.441,173
2013,5,11,50.5,130,13.283,130,19.0,130,0.001772,130,3.478,237
2013,5,12,45.5,130,14.904,130,20.0,130,0.001715,130,3.473,303
2013,5,13,47.9,129,18.632,129,19.0,129,0.002225,129,3.472,262
2013,5,14,42.3,78,15.802,78,21.0,78,0.003007,78,3.436,196
2013,5,15,43.3,80,17.994,80,19.0,80,0.002013,80,3.475,169
2013,5,16,43.7,93,18.178,93,20.0,93,0.001519,93,3.478,237
2013,5,17,50.0,89,14.818,89,20.0,89,0.002724,89,3.496,184
2013,5,18,47.6,112,14.102,112,20.5,112,0.002416,111,3.495,270
2013,5,19,48.4,112,15.616,112,20.0,112,0.001944,112,3.474,266
2013,5,20,46.4,116,18.955,116,19.0,116,0.001852,116,4.713,262
2013,5,21,41.2,115,17.231,115,20.0,115,0.002939,115,3.490,226
2013,5,22,47.9,146,15.089,146,19.0,146,0.001851,146,3.454,270
2013,5,23,44.6,115,17.266,115,20.0,115,0.002529,115,3.493,249
2013,5,24,41.6,109,14.488,109,20.0,109,0.002652,109,3.491,238
2013,5,25,43.8,153,18.062,153,21.0,153,0.002481,153,3.491,264
2013,5,26,44.1,134,16.257,134,21.0,134,0.002260,134,3.493,258
2013,5,27,44.7,106,14.503,106,19.5,106,0.002829,106,3.486,206
2013,5,28,41.0,95,14.502,95,21.0,95,0.002381,95,3.490,213
2013,5,29,44.4,107,14.282,107,20.0,107,0.002538,107,3.487,200
2013,5,30,49.9,100,13.353,100,21.5,100,0.002561,100,3.495,188
2013,5,31,45.9,102,16.192,102,21.0,102,0.002283,102,3.499,216
2013,6,1,38.5,55,17.342,55,19.0,55,0.002251,55,3.493,138
2013,6,2,47.7,62,12.491,62,21.0,62,0.001789,62,3.495,127
2013,6,3,44.1,58,19.340,58,22.0,58,0.003019,58,3.617,109
2013,6,4,44.5,56,12.124,56,21.0,56,0.002879,56,3.452,134
2013,6,5,56.7,33,12.915,33,24.0,33,0.003124,33,3.491,103
2013,6,6,43.5,37,13.580,37,19.0,37,0.002712,37,3.531,88
2013,6,7,35.8,59,16.548,59,19.0,59,0.001362,59,3.752,122
2013,6,8,49.8,73,16.128,73,21.0,73,0.002899,73,3.544,132
2013,6,9,37.2,61,16.730,61,19.0,61,0.003120,61,3.489,117
2013,6,10,49.4,62,18.297,62,20.0,62,0.002170,61,3.601,120
2013,6,11,45.4,51,17.503,51,21.0,51,0.003120,51,3.487,110
2013,6,12,53.5,61,14.617,61,20.0,61,0.001774,61,3.488,106
2013,6,13,36.2,39,13.741,39,18.0,39,0.002506,39,3.489,95
2013,6,14,47.8,50,20.371,50,20.0,50,0.001427,50,3.491,94
2013,6,15,55.0,49,11.565,49,21.0,49,0.004901,49,3.490,114
2013,6,16,48.4,65,13.397,65,19.0,65,0.002995,65,3.570,120
2013,6,17,47.2,56,18.656,56,20.0,56,0.003159,56,3.710,128
2013,6,18,59.6,67,9.418,67,22.0,67,0.004342,67,3.447,120
2013,6,19,46.0,70,14.905,70,20.0,70,0.004190,70,3.643,124
2013,6,20,52.9,51,10.610,51,29.0,51,0.003156,51,3.553,105
2013,6,21,41.9,51,12.353,51,19.0,51,0.004742,51,3.640,84
2013,6,22,49.5,52,15.153,52,22.0,52,0.002624,52,3.579,89
2013,6,23,50.8,67,14.512,67,20.0,67,0.002577,67,3.490,116
2013,6,24,53.4,62,11.647,62,21.5,62,0.006049,62,3.553,111
2013,6,25,50.0,62,13.433,62,21.0,62,0.002371,62,3.582,132
2013,6,26,52.2,68,16.606,68,20.5,68,0.002439,68,3.451,123
2013,6,27,42.1,49,12.537,49,18.0,49,0.002777,49,3.488,109
2013,6,28,49.5,83,15.191,83,23.0,83,0.003210,83,3.488,134
2013,6,29,48.2,82,11.865,82,19.0,82,0.004228,82,3.488,145
2013,6,30,49.1,78,14.032,78,20.0,78,0.002747,78,3.452,139
2013,7,1,50.2,64,11.283,64,21.0,64,0.003616,64,3.662,128
2013,7,2,49.3,67,14.264,66,21.0,67,0.001952,67,3.486,132
2013,7,3,49.0,43,15.555,41,19.0,43,0.001730,43,3.488,85
2013,7,4,48.2,56,14.856,55,20.0,56,0.002683,56,3.485,107
2013,7,5,47.0,61,10.528,61,25.0,61,0.003433,61,3.489,117
2013,7,6,52.2,191,14.200,191,21.0,191,0.003365,191,3.558,278
2013,7,7,49.3,155,14.277,155,22.0,155,0.001974,155,3.488,283
2013,7,8,47.1,140,12.335,138,21.0,140,0.004141,140,3.486,244
2013,7,9,50.8,122,13.099,119,21.0,122,0.005128,121,3.488,213
2013,7,10,46.9,177,16.410,172,21.0,177,0.003304,177,3.487,274
2013,7,11,65.1,132,11.955,131,35.5,132,0.003357,132,3.486,254
2013,7,12,59.1,130,10.626,128,25.0,130,0.005835,129,3.504,225
2013,7,13,51.7,171,15.237,168,20.0,171,0.001909,171,3.608,331
2013,7,14,57.7,165,10.812,164,23.0,165,0.003248,165,3.526,272
2013,7,15,44.3,136,15.620,136,21.0,136,0.002522,136,3.448,252
2013,7,16,56.7,132,12.055,127,22.0,132,0.004118,131,3.485,265
2013,7,17,50.0,140,12.485,138,22.5,140,0.003301,140,3.487,240
2013,7,18,44.8,147,13.978,147,21.0,147,0.003266,147,3.620,233
2013,7,19,53.1,105,10.365,105,21.0,105,0.003382,105,3.483,214
2013,7,20,52.6,116,7.999,116,22.0,116,0.005614,116,3.485,217
2013,7,21,48.6,145,10.770,145,24.0,145,0.003178,145,3.464,242
2013,7,22,53.2,133,11.210,133,22.0,133,0.003346,133,3.589,240
2013,7,23,53.8,126,11.539,126,23.0,126,0.002337,125,3.484,225
2013,7,24,43.4,137,10.610,137,21.0,137,0.003990,137,3.486,260
2013,7,25,48.9,138,17.066,138,21.0,138,0.002222,138,3.486,239
2013,7,26,54.2,127,11.600,127,21.0,127,0.002204,127,3.486,212
2013,7,27,47.8,131,12.156,131,20.0,131,0.003312,131,3.485,217
2013,7,28,49.4,135,9.872,135,21.0,135,0.004876,135,3.484,265
2013,7,29,48.8,148,15.067,146,20.0,148,0.002813,148,3.482,247
2013,7,30,56.5,122,13.041,122,21.0,122,0.002767,122,3.487,252
2013,7,31,49.6,135,13.395,134,20.0,135,0.002908,135,3.537,267
2013,8,1,52.1,145,12.859,145,21.0,145,0.002690,145,3.483,280
2013,8,2,54.6,121,12.421,121,23.0,121,0.002265,121,3.604,230
2013,8,3,50.3,151,16.155,151,21.0,151,0.001821,151,3.607,266
2013,8,4,44.4,95,15.508,95,23.0,95,0.002910,95,3.645,188
2013,8,5,46.4,76,13.492,76,21.0,76,0.002472,76,3.602,150
2013,8,6,50.0,123,14.596,123,22.0,123,0.001582,123,3.641,232
2013,8,7,52.9,157,13.935,157,20.0,157,0.002241,157,3.602,237
2013,8,8,45.7,131,16.648,131,21.0,131,0.002459,130,3.848,250
2013,8,9,45.9,120,15.467,120,20.0,120,0.002817,120,3.640,232
2013,8,10,52.3,140,14.732,140,21.0,140,0.002952,140,3.601,250
2013,8,11,63.5,161,12.578,161,22.0,161,0.003210,161,3.605,316
2013,8,12,50.5,139,15.769,139,20.0,139,0.003250,139,3.603,257
2013,8,13,50.7,77,13.370,77,21.0,77,0.003068,77,3.601,148
2013,8,14,47.3,159,17.184,159,21.0,159,0.002490,157,3.623,285
2013,8,15,50.8,138,14.974,138,21.0,138,0.002477,138,3.615,255
2013,8,16,47.3,102,19.034,102,19.5,102,0.002823,102,3.603,217
2013,8,17,47.9,133,15.391,133,20.0,133,0.003416,133,4.791,254
2013,8,18,50.1,175,11.026,175,20.0,175,0.002915,174,3.745,319
2013,8,19,45.4,199,13.884,199,21.0,199,0.002907,199,3.641,336
2013,8,20,48.6,189,15.409,189,20.0,189,0.002091,189,3.643,347
2013,8,21,49.7,131,12.889,131,24.0,131,0.002580,131,3.633,251
2013,8,22,45.7,96,15.366,96,20.5,96,0.002084,96,3.626,187
2013,8,23,48.4,138,12.241,138,21.0,138,0.001739,138,3.588,271
2013,8,24,50.2,147,12.639,147,20.0,147,0.001853,147,3.592,289
2013,8,25,53.1,157,12.753,157,21.0,157,0.002626,157,3.623,268
2013,8,26,53.8,154,11.752,154,22.0,154,0.002916,154,3.590,287
2013,8,27,49.7,124,11.467,124,21.0,124,0.001814,124,3.586,216
2013,8,28,56.4,130,10.960,130,22.0,130,0.002298,130,3.590,275
2013,8,29,51.4,120,13.700,120,21.0,120,0.002143,120,3.710,237
2013,8,30,47.7,113,10.552,113,23.0,113,0.002498,113,3.736,190
2013,8,31,50.6,135,12.472,135,23.0,135,0.002398,135,3.592,259
2013,9,1,51.2,158,10.897,158,22.0,158,0.002895,158,3.628,282
2013,9,2,54.6,119,9.004,119,22.0,119,0.002463,119,3.596,208
2013,9,3,54.1,146,10.862,146,24.0,146,0.003170,146,3.618,248
2013,9,4,45.3,144,11.491,144,22.0,144,0.002283,144,3.724,291
2013,9,5,56.7,153,12.995,153,25.0,153,0.002632,153,3.589,275
2013,9,6,51.6,162,12.885,162,22.5,162,0.002372,162,4.836,335
2013,9,7,52.1,169,9.842,169,26.0,169,0.003294,169,3.624,281
2013,9,8,55.3,187,8.440,187,24.0,187,0.002979,187,3.607,293
2013,9,9,56.2,159,12.462,159,23.0,159,0.002797,159,3.589,260
2013,9,10,47.5,156,10.713,156,23.0,156,0.002302,156,3.626,234
2013,9,11,47.5,181,12.775,181,26.0,181,0.002890,181,3.792,301
2013,9,12,48.5,116,13.672,116,21.0,116,0.002167,116,3.747,222
2013,9,13,52.6,113,10.129,113,23.0,113,0.003313,113,3.593,195
2013,9,14,53.0,171,10.602,171,23.0,171,0.002705,171,3.629,254
2013,9,15,47.6,164,9.176,164,22.0,164,0.003131,164,3.631,284
2013,9,16,52.5,151,8.772,151,25.0,151,0.002641,151,3.585,270
2013,9,17,46.3,108,13.586,108,21.0,108,0.004047,108,3.584,205
2013,9,18,64.3,87,5.644,87,28.0,87,0.005010,87,3.505,160
2013,9,19,57.9,128,6.700,128,24.0,128,0.003873,128,3.593,199
2013,9,20,55.0,153,13.027,153,21.0,153,0.002208,153,3.588,266
2013,9,21,50.4,189,11.919,189,22.0,189,0.002565,189,3.724,304
2013,9,22,49.4,219,12.038,219,22.0,219,0.002313,219,3.650,361
2013,9,23,50.2,146,14.029,146,21.0,146,0.002450,146,3.694,259
2013,9,24,47.6,148,13.290,148,21.0,148,0.003122,148,3.634,237
2013,9,25,51.1,108,12.848,108,21.0,108,0.001980,108,3.592,215
2013,9,26,51.2,128,11.401,128,21.0,128,0.002273,128,3.628,213
2013,9,27,45.7,133,15.207,133,23.0,133,0.001855,133,3.775,256
2013,9,28,49.6,123,15.531,123,22.0,123,0.002698,123,3.591,248
2013,9,29,60.1,146,13.778,146,23.5,146,0.001780,146,3.589,267
2013,9,30,42.0,149,10.238,149,22.0,149,0.002324,149,3.708,258
2013,10,1,54.2,145,7.690,145,26.0,145,0.004878,145,3.630,277
2013,10,2,50.9,153,9.759,153,22.0,153,0.003264,153,3.703,273
2013,10,3,70.2,117,7.721,117,36.0,117,0.002209,117,3.550,224
2013,10,4,49.2,131,11.811,131,22.0,131,0.002040,131,3.587,241
2013,10,5,55.2,126,11.562,126,24.0,126,0.002420,126,3.739,231
2013,10,6,61.6,151,8.288,151,25.0,151,0.004048,151,3.589,244
2013,10,7,55.8,117,8.733,117,23.0,117,0.002761,117,3.668,222
2013,10,8,64.4,151,8.197,151,24.0,151,0.002745,151,3.623,275
2013,10,9,60.0,166,10.401,166,22.0,166,0.002339,166,3.624,292
2013,10,10,48.3,123,10.235,123,21.0,123,0.003664,123,3.592,233
2013,10,11,50.3,109,11.627,109,21.0,109,0.002392,109,3.706,222
2013,10,12,46.9,129,15.890,129,21.0,129,0.002517,129,3.627,262
2013,10,13,47.5,154,11.407,154,20.0,154,0.002447,154,3.628,287
2013,10,14,56.8,151,11.189,151,27.0,151,0.004785,151,3.580,277
2013,10,15,54.2,141,15.074,141,20.0,141,0.001801,141,3.628,233
2013,10,16,48.0,142,11.516,142,21.0,142,0.002519,142,3.591,259
2013,10,17,49.9,139,9.818,139,22.0,139,0.002881,139,3.626,248
2013,10,18,46.5,108,12.766,108,21.0,108,0.003175,108,3.774,205
2013,10,19,49.9,138,8.283,138,23.0,138,0.003083,138,3.618,265
2013,10,20,52.8,115,13.877,115,22.0,115,0.002839,115,3.608,211
2013,10,21,48.6,114,10.492,114,22.0,114,0.005879,114,3.605,200
2013,10,22,46.3,121,10.742,121,21.0,121,0.003761,121,3.625,206
2013,10,23,52.4,109,9.610,109,22.0,109,0.004775,109,3.627,201
2013,10,24,50.8,108,14.967,108,21.0,108,0.002239,108,3.751,224
2013,10,25,48.2,115,8.722,115,26.0,115,0.003416,115,3.624,217
2013,10,26,53.9,159,12.492,159,22.0,159,0.002649,159,3.615,258
2013,10,27,46.1,142,11.075,142,20.5,142,0.002733,142,3.633,248
2013,10,28,56.5,127,7.049,127,22.0,127,0.003902,127,3.664,209
2013,10,29,56.6,123,11.892,123,23.0,123,0.002685,123,3.653,216
2013,10,30,48.8,135,11.431,135,24.0,135,0.002631,135,3.647,230
2013,10,31,45.7,87,13.244,87,22.0,87,0.002454,87,3.615,196
2013,11,1,45.1,170,14.795,170,23.0,170,0.002931,170,3.590,265
2013,11,2,49.3,137,12.389,137,21.0,137,0.002664,137,3.669,256
2013,11,3,52.2,156,11.039,156,30.0,156,0.002677,156,3.767,283
2013,11,4,50.9,132,8.673,132,21.0,132,0.003102,132,3.599,214
2013,11,5,51.0,136,9.992,136,23.0,136,0.002688,136,3.628,229
2013,11,6,48.9,91,12.393,91,21.0,91,0.002657,91,3.778,185
2013,11,7,44.1,118,11.712,118,21.0,118,0.003080,118,3.589,199
2013,11,8,43.4,113,15.109,113,20.0,113,0.002148,113,3.593,200
2013,11,9,45.9,134,16.410,135,21.0,134,0.002460,135,3.621,275
2013,11,10,49.2,133,11.918,133,22.0,133,0.002531,133,3.623,256
2013,11,11,46.2,177,12.401,177,22.0,177,0.003428,177,3.587,293
2013,11,12,51.1,126,12.730,126,21.0,126,0.002039,126,3.801,271
2013,11,13,46.1,113,11.293,113,21.0,113,0.003752,113,3.619,201
2013,11,14,46.2,143,9.657,143,21.0,143,0.004164,142,4.311,229
2013,11,15,44.4,128,10.697,128,21.0,128,0.003429,128,4.304,204
2013,11,16,44.9,174,10.765,174,20.0,174,0.002912,174,4.297,273
2013,11,17,61.4,216,4.969,216,26.0,216,0.005583,216,4.385,335
2013,11,18,48.5,140,11.746,140,21.0,140,0.002468,140,4.466,230
2013,11,19,46.3,130,9.914,130,21.0,130,0.003291,130,4.431,222
2013,11,20,57.2,114,9.858,114,21.0,114,0.003777,114,4.315,204
2013,11,21,50.2,114,11.627,114,21.0,114,0.002507,113,4.463,205
2013,11,22,43.0,96,13.406,96,20.0,96,0.002727,96,4.460,183
2013,11,23,42.5,131,17.230,131,21.0,131,0.001752,131,4.415,256
2013,11,24,47.6,205,12.891,205,21.0,205,0.002473,205,4.418,307
2013,11,25,49.9,163,11.259,163,22.0,163,0.002422,163,4.482,270
2013,11,26,51.5,134,11.786,134,20.0,134,0.002899,134,4.542,239
2013,11,27,46.7,86,14.629,86,20.0,86,0.001901,86,4.455,197
2013,11,28,45.1,126,14.788,126,20.0,126,0.001963,126,4.488,246
2013,11,29,51.2,130,11.930,130,21.0,130,0.001885,130,4.426,239
2013,11,30,48.4,132,15.836,132,20.0,132,0.001579,132,4.467,264
2013,12,1,55.8,160,10.349,160,23.5,160,0.003429,160,4.422,276
2013,12,2,51.2,143,12.974,143,22.0,143,0.002912,143,4.418,245
2013,12,3,44.5,124,13.839,124,20.0,124,0.002095,124,4.461,214
2013,12,4,46.5,178,11.458,178,19.0,178,0.002547,178,4.464,285
2013,12,5,48.0,114,10.444,114,21.5,114,0.003185,114,4.407,189
2013,12,6,48.6,114,11.493,114,20.0,114,0.002237,114,4.564,185
2013,12,7,49.5,116,13.682,116,21.0,116,0.002588,116,4.503,198
2013,12,8,48.2,154,12.259,154,20.0,154,0.002275,154,4.464,248
2013,12,9,50.6,161,10.804,161,20.0,161,0.001886,161,4.674,231
2013,12,10,54.6,116,12.859,116,21.0,116,0.002620,116,4.458,234
2013,12,11,55.9,104,11.018,104,22.5,104,0.004270,104,4.425,201
2013,12,12,48.8,92,17.993,92,20.0,92,0.002298,92,4.402,182
2013,12,13,46.5,106,17.563,106,20.5,106,0.002823,106,4.462,188
2013,12,14,51.0,91,13.819,91,21.0,91,0.002180,91,4.541,175
2013,12,15,54.6,134,11.840,134,23.0,134,0.002510,134,4.457,278
2013,12,16,56.1,63,13.013,63,20.0,63,0.001899,63,4.467,115
2013,12,17,59.2,109,9.137,109,27.0,109,0.002570,109,4.504,198
2013,12,18,46.3,106,11.787,106,19.5,106,0.002542,106,4.648,195
2013,12,19,44.1,98,19.702,98,20.0,98,0.001642,98,5.344,175
2013,12,20,50.9,115,18.960,115,20.0,115,0.002213,115,4.700,211
2013,12,21,50.2,127,16.035,127,21.0,127,0.002055,127,4.716,228
2013,12,22,48.9,129,16.253,129,23.0,129,0.001630,129,4.908,228
2013,12,23,51.9,122,8.566,122,23.0,122,0.002558,122,4.626,233
2013,12,24,51.0,113,10.928,113,23.0,113,0.002344,113,4.459,207
2013,12,25,63.4,124,13.835,124,21.0,124,0.002069,124,4.469,212
2013,12,26,53.0,161,13.010,161,20.0,161,0.002934,161,5.948,283
2013,12,27,57.3,144,13.001,144,23.0,144,0.002067,144,4.635,272
2013,12,28,51.1,190,10.391,190,24.0,190,0.003210,190,4.632,313
2013,12,29,56.6,172,7.881,172,23.0,172,0.003178,172,4.464,285
2013,12,30,45.9,216,8.146,216,21.0,216,0.002832,216,4.500,342
2013,12,31,52.8,165,10.093,165,24.0,165,0.004487,165,4.479,249
2014,1,1,54.5,189,7.055,189,23.0,189,0.004574,189,4.458,279
2014,1,2,57.9,181,8.166,181,23.0,181,0.003647,181,4.464,286
2014,1,3,51.1,199,7.672,199,24.0,199,0.002921,199,4.387,305
2014,1,4,55.2,201,8.664,201,23.0,201,0.003118,201,4.426,282
2014,1,5,50.5,219,11.736,219,20.0,219,0.001974,219,4.616,359
2014,1,6,52.4,189,5.340,189,25.0,189,0.003970,189,4.449,290
2014,1,7,49.1,146,11.297,146,22.0,146,0.004454,146,4.462,237
2014,1,8,44.9,107,16.203,107,20.0,107,0.002887,107,4.493,209
2014,1,9,51.2,96,19.037,96,20.5,96,0.001648,96,4.451,183
2014,1,10,45.8,113,11.396,113,21.0,113,0.003274,113,4.457,187
2014,1,11,50.2,176,11.851,176,20.0,176,0.002171,176,4.467,322
2014,1,12,49.4,179,11.634,179,21.0,179,0.001876,179,4.470,329
2014,1,13,47.7,135,9.472,135,19.0,135,0.002114,135,4.388,257
2014,1,14,47.0,151,8.894,151,20.0,151,0.002433,151,4.430,249
2014,1,15,47.4,118,11.017,118,20.0,118,0.002481,118,4.515,217
2014,1,16,42.7,127,14.334,127,20.0,127,0.003040,127,4.465,221
2014,1,17,44.0,113,14.408,113,20.0,113,0.002453,113,4.658,220
2014,1,18,48.2,153,13.612,153,20.0,153,0.001520,153,4.466,303
2014,1,19,51.6,215,7.163,215,25.0,215,0.003297,215,4.470,318
2014,1,20,48.6,148,13.877,148,22.0,148,0.002008,148,4.714,262
2014,1,21,47.8,145,9.432,145,22.0,145,0.002826,145,4.507,267
2014,1,22,51.9,126,5.899,126,21.0,126,0.003429,126,4.461,243
2014,1,23,52.3,117,14.536,117,21.0,117,0.002188,117,4.692,217
2014,1,24,55.7,130,11.920,130,20.5,130,0.001311,130,4.464,250
2014,1,25,51.7,199,8.093,199,23.0,199,0.001993,199,4.480,323
2014,1,26,53.6,218,10.028,218,23.0,218,0.002955,218,4.568,354
2014,1,27,49.4,141,11.959,141,22.0,141,0.003565,141,4.465,248
2014,1,28,52.9,125,10.935,125,20.0,125,0.002292,125,4.466,224
2014,1,29,52.3,126,6.818,126,25.0,126,0.003812,126,4.424,217
2014,1,30,58.2,114,13.345,114,20.0,114,0.002820,114,4.382,209
2014,1,31,50.3,139,13.744,139,20.0,139,0.002463,139,4.535,281
2014,2,1,46.7,145,15.641,145,21.0,145,0.001828,145,4.757,273
2014,2,2,57.2,156,11.353,156,22.0,156,0.001486,156,4.471,279
2014,2,3,56.8,164,8.584,164,24.0,164,0.003550,164,4.469,280
2014,2,4,53.6,107,13.274,107,21.0,107,0.002215,107,4.451,180
2014,2,5,51.9,137,14.228,137,21.0,137,0.001927,137,4.710,238
2014,2,6,50.2,109,14.234,109,20.0,109,0.001879,109,4.468,200
2014,2,7,56.4,126,10.603,126,21.0,126,0.002668,126,4.444,203
2014,2,8,57.8,164,11.968,164,21.0,164,0.001170,164,4.466,299
2014,2,9,50.7,213,11.985,213,22.0,213,0.001946,212,4.547,336
2014,2,10,47.1,156,11.923,156,20.5,156,0.001815,156,4.519,264
2014,2,11,56.5,104,8.951,104,21.0,104,0.002175,104,4.604,188
2014,2,12,54.8,120,14.039,120,20.0,120,0.002040,120,4.463,225
2014,2,13,55.9,178,11.761,178,21.5,178,0.002518,178,4.468,292
2014,2,14,46.8,114,14.623,114,20.0,114,0.001762,114,4.467,213
2014,2,15,49.5,152,15.001,152,19.0,152,0.002111,152,4.694,260
2014,2,16,48.2,168,14.170,168,20.0,168,0.001763,168,4.543,288
2014,2,17,50.4,137,14.730,137,20.0,137,0.001951,137,4.466,247
2014,2,18,54.0,187,9.568,187,20.0,187,0.002306,187,4.384,308
2014,2,19,56.1,120,11.732,120,24.0,120,0.002537,120,4.459,210
2014,2,20,49.3,127,15.817,127,21.0,127,0.001745,127,4.458,207
2014,2,21,52.6,133,12.420,133,21.0,133,0.002486,133,4.450,255
2014,2,22,53.6,155,11.956,155,23.0,155,0.002017,155,4.465,246
2014,2,23,51.7,145,14.504,145,21.0,145,0.001752,145,4.473,252
2014,2,24,49.8,111,13.316,111,21.0,111,0.002246,111,4.486,218
2014,2,25,52.8,133,10.246,133,21.0,133,0.001980,133,4.478,234
2014,2,26,58.9,153,11.676,153,21.0,153,0.001482,153,4.616,294
2014,2,27,47.2,127,11.332,128,22.0,127,0.001984,128,4.428,257
2014,2,28,49.3,127,9.756,127,20.0,127,0.002246,127,4.460,211
2014,3,1,47.6,119,15.070,119,20.0,119,0.001687,119,4.501,235
2014,3,2,47.9,172,10.530,172,22.0,172,0.004431,172,4.468,318
2014,3,3,53.8,128,10.355,128,22.5,128,0.002540,128,4.422,259
2014,3,4,47.6,133,12.354,133,20.0,133,0.001538,133,4.463,251
2014,3,5,44.9,117,9.074,117,19.0,117,0.002819,117,4.688,214
2014,3,6,40.1,130,11.799,130,19.0,130,0.004136,130,4.466,233
2014,3,7,50.3,123,13.871,123,20.0,123,0.001748,123,4.464,211
2014,3,8,43.6,183,10.173,183,21.0,183,0.003988,183,4.455,294
2014,3,9,43.6,169,13.393,169,20.0,169,0.003019,169,4.459,284
2014,3,10,50.8,125,11.955,125,20.0,125,0.001788,125,4.463,244
2014,3,11,39.4,97,13.287,97,19.0,97,0.002312,97,4.466,175
2014,3,12,41.9,75,4.806,75,20.0,75,0.007027,75,4.459,129
2014,3,13,45.1,83,10.761,83,20.0,83,0.002638,83,4.467,147
2014,3,14,51.4,56,5.178,56,20.0,56,0.003084,56,4.469,95
2014,3,15,48.1,61,12.727,61,21.0,61,0.001802,61,4.545,104
2014,3,16,42.9,86,5.751,86,20.0,86,0.003650,86,4.465,144
2014,3,17,46.3,84,7.016,84,21.0,84,0.002978,84,4.429,129
2014,3,18,34.0,58,11.139,58,19.0,58,0.003472,58,4.500,109
2014,3,19,38.6,44,12.317,44,20.0,44,0.002266,44,4.504,82
2014,3,20,51.1,54,9.859,54,24.0,54,0.003980,54,4.467,98
2014,3,21,40.1,122,13.852,122,21.0,122,0.001842,122,4.466,170
2014,3,22,42.7,130,10.144,130,20.0,130,0.003027,130,4.467,225
2014,3,23,46.8,163,6.685,163,20.0,163,0.003257,163,4.467,265
2014,3,24,43.3,113,9.621,113,20.0,113,0.002624,113,4.501,192
2014,3,25,41.0,129,8.925,129,20.0,129,0.003051,129,4.465,194
2014,3,26,46.7,120,11.612,120,21.5,120,0.002261,120,4.709,217
2014,3,27,43.6,143,6.717,143,20.0,143,0.003406,143,4.463,216
2014,3,28,43.6,118,13.345,118,19.0,118,0.002289,118,4.676,210
2014,3,29,40.9,159,9.157,159,20.0,159,0.002248,159,4.534,229
2014,3,30,40.3,154,6.659,154,21.0,154,0.002390,154,4.507,226
2014,3,31,52.5,114,8.334,114,23.0,114,0.002815,114,4.420,195
2014,4,1,48.8,125,9.593,125,21.0,125,0.002460,125,4.464,204
2014,4,2,43.7,127,11.086,127,19.0,127,0.002073,127,4.737,201
2014,4,3,45.0,111,9.308,111,20.0,111,0.001983,111,4.606,186
2014,4,4,38.8,139,8.019,139,19.0,139,0.003010,139,4.505,228
2014,4,5,42.0,153,10.684,153,19.0,153,0.001905,153,4.493,252
2014,4,6,44.9,82,13.961,82,19.5,82,0.001818,82,4.508,134
2014,4,7,55.2,87,10.854,87,21.0,87,0.001912,87,4.497,148
2014,4,8,51.3,92,8.357,92,21.5,92,0.002359,92,4.466,181
2014,4,9,50.0,118,12.843,118,23.0,118,0.001766,118,4.559,222
2014,4,10,48.5,133,12.393,133,25.0,133,0.002057,133,4.496,230
2014,4,11,50.5,117,6.937,117,24.0,117,0.003029,117,4.464,213
2014,4,12,44.8,142,8.765,142,24.0,142,0.002229,142,4.469,231
2014,4,13,46.5,141,10.208,141,24.0,141,0.002210,141,4.629,263
2014,4,14,50.2,108,10.846,108,25.0,108,0.002051,108,4.467,201
2014,4,15,43.1,124,11.288,124,24.0,124,0.001626,124,4.461,196
2014,4,16,40.4,127,11.103,127,23.0,127,0.002575,127,4.435,208
2014,4,17,45.5,108,11.105,108,23.5,108,0.001790,108,7.379,194
2014,4,18,43.7,128,10.892,128,23.0,128,0.002107,128,4.699,212
2014,4,19,47.6,139,11.432,139,24.0,139,0.002514,139,4.675,242
2014,4,20,53.4,155,10.135,155,27.0,155,0.002789,155,4.416,260
2014,4,21,48.8,147,9.106,147,23.0,147,0.002856,147,4.540,231
2014,4,22,46.2,98,12.040,98,22.5,98,0.001665,98,4.754,160
2014,4,23,52.9,119,6.912,119,23.0,119,0.003400,119,4.461,204
2014,4,24,46.8,87,11.593,87,24.0,87,0.002332,87,4.713,160
2014,4,25,55.5,101,10.995,101,25.0,101,0.002277,101,4.501,182
2014,4,26,52.5,136,13.709,136,24.0,136,0.001533,136,4.465,227
2014,4,27,51.5,142,7.610,142,24.0,142,0.003556,142,4.462,203
2014,4,28,49.8,124,9.707,124,26.0,124,0.002753,124,4.675,203
2014,4,29,43.8,102,9.299,102,23.0,102,0.002354,102,4.505,175
2014,4,30,47.8,132,10.077,132,23.0,132,0.002409,132,4.498,211
2014,5,1,56.2,65,11.836,65,26.0,65,0.001922,65,4.465,121
2014,5,2,43.3,85,13.630,85,23.0,85,0.001793,85,4.492,169
2014,5,3,43.7,112,8.571,112,24.0,112,0.003022,112,4.465,213
2014,5,4,44.7,99,9.490,99,24.0,99,0.002143,99,4.424,173
2014,5,5,51.0,102,11.949,102,24.0,102,0.002338,102,4.464,176
2014,5,6,44.0,84,11.973,84,23.0,84,0.001659,84,4.494,159
2014,5,7,50.9,96,14.703,96,23.0,96,0.001364,96,4.493,192
2014,5,8,50.7,67,10.386,67,25.0,67,0.002226,67,4.465,108
2014,5,9,52.5,62,11.454,62,25.0,62,0.001920,62,4.601,130
2014,5,10,49.6,106,14.578,106,22.5,106,0.001815,106,4.467,195
2014,5,11,47.0,123,16.494,123,23.0,123,0.001572,123,4.492,228
2014,5,12,54.9,136,12.279,136,24.0,136,0.001669,136,4.458,246
2014,5,13,48.6,128,15.771,128,23.0,128,0.001355,128,4.464,226
2014,5,14,51.2,137,14.251,137,24.0,137,0.002158,137,4.460,250
2014,5,15,42.4,139,14.861,139,24.0,139,0.001560,139,4.555,237
2014,5,16,46.1,152,14.739,152,24.0,152,0.001517,152,4.467,312
2014,5,17,51.7,115,16.563,115,25.0,115,0.001139,115,4.506,212
2014,5,18,50.2,101,12.069,101,23.0,101,0.001580,101,5.188,169
2014,5,19,47.5,136,14.832,136,22.5,136,0.001675,136,4.588,271
2014,5,20,43.3,94,13.431,94,25.0,94,0.001452,94,4.458,159
2014,5,21,49.6,79,18.094,79,23.0,79,0.001201,79,4.506,147
2014,5,22,48.1,95,14.729,95,24.0,95,0.001160,95,4.504,158
2014,5,23,52.2,94,15.637,94,26.0,94,0.002010,94,4.499,157
2014,5,24,56.3,108,15.236,108,27.0,108,0.001689,108,4.420,174
2014,5,25,45.5,62,16.858,62,23.0,62,0.001599,62,4.465,101
2014,5,26,53.5,101,14.480,101,25.0,101,0.001651,101,4.462,172
2014,5,27,46.0,72,13.495,72,23.5,72,0.001295,72,4.459,148
2014,5,28,46.2,98,13.518,98,23.0,98,0.001503,98,4.505,173
2014,5,29,46.3,88,16.795,88,23.0,88,0.001549,88,4.628,161
2014,5,30,50.9,59,11.081,59,24.0,59,0.002063,59,4.468,113
2014,5,31,40.0,36,17.056,36,22.0,36,0.001285,36,4.505,84
2014,6,1,53.7,72,11.250,72,25.0,72,0.002570,72,4.382,130
2014,6,2,44.5,69,13.265,69,22.0,69,0.002068,69,4.445,110
2014,6,3,36.7,44,23.473,44,18.0,44,0.001333,44,4.705,79
2014,6,4,48.6,57,15.938,57,24.0,57,0.000987,57,4.506,113
2014,6,5,65.0,62,9.458,62,26.0,62,0.001943,62,4.560,126
2014,6,6,58.2,81,11.962,81,24.0,81,0.002261,81,4.465,147
2014,6,7,55.5,92,10.636,92,30.5,92,0.001941,92,4.609,164
2014,6,8,58.0,72,11.392,72,24.0,72,0.001882,72,4.464,160
2014,6,9,54.3,69,12.560,69,27.0,69,0.002327,69,4.605,132
2014,6,10,50.6,66,12.328,66,25.0,66,0.001443,66,4.494,115
2014,6,11,56.3,78,16.946,78,24.0,78,0.001258,78,4.692,123
2014,6,12,49.8,105,15.722,105,24.0,105,0.001334,105,4.470,184
2014,6,13,54.0,88,13.933,88,26.0,88,0.001417,88,4.415,166
2014,6,14,63.1,153,18.481,153,27.0,153,0.001263,153,4.466,264
2014,6,15,55.8,120,17.550,120,26.0,120,0.001293,120,4.465,215
2014,6,16,55.9,107,14.927,107,27.0,107,0.001291,107,4.486,208
2014,6,17,59.6,95,11.026,95,28.0,95,0.001734,95,4.426,186
2014,6,18,53.1,99,14.645,99,25.0,99,0.001835,99,4.431,181
2014,6,19,53.8,120,17.044,120,26.5,120,0.001731,120,4.421,206
2014,6,20,55.9,140,11.147,140,26.5,140,0.002535,140,4.614,239
2014,6,21,53.3,155,8.905,155,25.0,155,0.003797,155,4.509,265
2014,6,22,60.3,144,11.419,144,26.0,144,0.002452,144,4.415,258
2014,6,23,56.7,122,12.202,122,27.0,122,0.001648,122,4.399,195
2014,6,24,54.3,173,15.787,173,27.0,173,0.002055,173,4.395,298
2014,6,25,46.3,146,15.110,146,27.0,146,0.002032,146,4.414,233
2014,6,26,54.1,131,14.099,131,26.0,131,0.001606,131,4.348,223
2014,6,27,50.7,122,16.351,122,24.0,122,0.001198,122,4.430,233
2014,6,28,55.4,150,11.761,150,26.0,150,0.001704,150,4.414,272
2014,6,29,55.0,166,14.688,166,25.0,166,0.001207,166,4.452,288
2014,6,30,52.8,170,13.109,170,25.0,170,0.001752,170,4.430,284
2014,7,1,58.3,163,12.122,163,27.0,163,0.001805,163,4.384,258
2014,7,2,54.5,178,13.479,178,28.0,178,0.001590,178,4.385,284
2014,7,3,49.9,190,15.975,190,27.0,190,0.001547,190,4.419,334
2014,7,4,54.0,211,15.347,211,27.0,211,0.002329,211,4.518,331
2014,7,5,59.9,179,12.758,179,28.0,179,0.002360,179,4.387,304
2014,7,6,58.4,215,12.410,215,28.0,215,0.001846,215,4.539,363
2014,7,7,63.5,184,10.566,184,30.0,184,0.001748,184,4.398,292
2014,7,8,75.7,202,10.977,202,32.0,202,0.002898,202,4.349,307
2014,7,9,61.0,174,9.545,174,26.0,174,0.002252,174,4.430,290
2014,7,10,57.3,151,13.262,151,26.0,151,0.002208,151,4.398,286
2014,7,11,51.1,184,15.937,184,23.0,184,0.001364,184,4.407,345
2014,7,12,47.7,219,18.319,219,23.0,219,0.001110,219,4.665,374
2014,7,13,44.0,219,19.511,219,25.0,219,0.001408,219,4.655,387
2014,7,14,50.1,232,13.117,232,26.0,232,0.001501,232,4.472,394
2014,7,15,51.2,220,14.288,220,27.0,220,0.001616,220,4.595,341
2014,7,16,43.3,178,19.310,178,27.0,178,0.001403,178,4.671,287
2014,7,17,55.6,160,16.544,160,26.0,160,0.001279,160,4.405,256
2014,7,18,58.0,144,11.388,144,27.0,144,0.001699,144,4.658,248
2014,7,19,56.4,187,12.733,187,29.0,187,0.001700,187,4.432,362
2014,7,20,54.6,189,10.296,189,28.0,189,0.001472,189,4.435,305
2014,7,21,57.3,198,8.092,198,26.0,198,0.002580,198,4.478,313
2014,7,22,56.0,186,9.895,186,28.0,186,0.002454,186,4.470,296
2014,7,23,62.7,204,11.058,204,26.5,204,0.001415,204,4.429,323
2014,7,24,52.9,208,10.576,208,27.0,208,0.002217,208,4.494,310
2014,7,25,56.0,176,14.762,176,26.0,176,0.002511,176,4.514,291
2014,7,26,60.3,191,13.226,191,27.0,191,0.001685,191,4.395,317
2014,7,27,55.1,233,10.169,233,27.0,233,0.001719,233,4.396,357
2014,7,28,55.5,189,11.630,189,25.0,189,0.001418,189,4.607,309
2014,7,29,49.0,206,8.474,206,24.0,206,0.002052,206,4.457,309
2014,7,30,45.9,206,11.445,206,24.5,206,0.001900,206,4.424,299
2014,7,31,55.2,151,11.901,151,26.0,151,0.002357,151,4.355,251
2014,8,1,56.1,181,12.098,181,28.0,181,0.001709,181,4.418,300
2014,8,2,59.0,231,13.649,231,28.0,231,0.001322,231,4.644,389
2014,8,3,56.8,229,11.844,229,27.0,229,0.001676,229,4.449,371
2014,8,4,56.5,197,14.848,197,26.0,197,0.001602,197,4.432,317
2014,8,5,55.8,190,12.695,190,27.0,190,0.001097,190,4.410,321
2014,8,6,47.1,178,13.636,178,25.5,178,0.001489,178,4.655,286
2014,8,7,54.3,157,16.116,157,27.0,157,0.001521,157,4.603,248
2014,8,8,52.8,154,13.949,154,25.0,154,0.001655,154,4.459,264
2014,8,9,54.6,170,15.307,170,28.0,170,0.002117,170,4.582,301
2014,8,10,53.7,179,13.929,179,27.0,179,0.001973,179,4.398,288
2014,8,11,52.1,175,12.701,175,26.0,175,0.002488,175,4.477,278
2014,8,12,61.3,178,11.398,178,27.0,178,0.001753,178,4.418,284
2014,8,13,55.0,163,10.652,163,25.0,163,0.002105,163,4.468,234
2014,8,14,62.2,169,10.689,169,29.0,169,0.002177,169,4.391,266
2014,8,15,51.3,170,8.917,170,26.0,170,0.002658,170,4.411,248
2014,8,16,60.7,222,9.804,222,28.0,222,0.002113,222,4.402,359
2014,8,17,52.9,212,9.646,212,24.0,212,0.002775,212,4.600,336
2014,8,18,56.2,180,10.214,180,26.5,180,0.001539,180,4.424,291
2014,8,19,58.6,158,11.542,158,26.0,158,0.002118,158,4.437,241
2014,8,20,57.8,176,11.538,176,25.0,176,0.001632,176,4.440,288
2014,8,21,55.2,172,14.473,172,26.5,172,0.001580,172,4.462,265
2014,8,22,56.8,186,12.395,186,27.0,186,0.001524,186,4.430,304
2014,8,23,58.3,216,13.769,216,31.0,216,0.001354,216,4.399,344
2014,8,24,53.3,251,10.429,251,25.0,251,0.002069,251,4.399,392
2014,8,25,60.4,229,15.210,229,36.0,229,0.001650,229,4.415,392
2014,8,26,59.1,231,11.498,231,30.0,231,0.001674,231,4.632,352
2014,8,27,51.9,239,11.414,239,26.0,239,0.002089,239,4.394,369
2014,8,28,67.2,202,12.219,202,28.5,202,0.001748,202,4.427,379
2014,8,29,58.3,221,9.693,221,28.0,221,0.002082,221,4.564,323
2014,8,30,64.0,244,12.226,244,30.0,244,0.002204,244,4.607,416
2014,8,31,65.7,220,14.631,220,30.5,220,0.001290,220,4.582,383
2014,9,1,62.4,262,12.117,262,30.0,262,0.001803,262,4.424,443
2014,9,2,60.2,229,12.908,229,29.0,229,0.001772,228,4.560,409
2014,9,3,57.8,229,15.883,229,26.0,229,0.001344,229,4.550,365
2014,9,4,58.9,241,13.241,241,27.0,241,0.002000,241,4.533,359
2014,9,5,56.8,192,12.584,192,27.0,192,0.002182,192,4.595,310
2014,9,6,66.0,232,10.929,232,28.0,232,0.001871,232,4.511,373
2014,9,7,56.9,218,12.140,218,27.0,218,0.002187,218,4.510,331
2014,9,8,49.9,202,12.980,202,26.0,202,0.001793,202,4.578,309
2014,9,9,60.0,226,10.372,226,28.0,226,0.002687,226,4.425,341
2014,9,10,59.9,234,11.718,234,28.0,234,0.001932,234,4.580,323
2014,9,11,51.3,177,10.643,177,25.0,177,0.002643,177,4.436,270
2014,9,12,68.8,157,11.016,157,34.0,157,0.002457,157,4.695,231
2014,9,13,62.6,221,13.422,221,31.0,221,0.001867,221,4.618,333
2014,9,14,58.9,230,11.609,230,31.0,230,0.001970,230,4.807,336
2014,9,15,52.4,153,10.292,153,27.0,153,0.001895,153,4.555,247
2014,9,16,57.5,212,11.646,212,30.0,212,0.001763,212,4.542,329
2014,9,17,64.2,237,10.839,237,32.0,237,0.002726,237,4.447,337
2014,9,18,68.9,222,11.678,222,35.5,222,0.002699,222,4.589,335
2014,9,19,65.1,219,10.963,219,30.0,219,0.001981,219,4.503,336
2014,9,20,62.1,212,11.047,212,33.0,212,0.002488,212,4.552,335
2014,9,21,63.6,258,8.561,258,35.5,258,0.001898,258,4.559,383
2014,9,22,69.9,195,9.017,195,42.0,195,0.002864,195,4.464,304
2014,9,23,67.7,190,11.062,190,28.0,190,0.001796,190,4.515,278
2014,9,24,69.6,191,11.533,191,33.0,191,0.002594,191,4.583,283
2014,9,25,64.4,125,10.445,125,35.0,125,0.002051,125,4.453,189
2014,9,26,74.8,122,10.801,122,31.5,122,0.001683,122,4.623,224
2014,9,27,70.9,152,9.924,152,36.5,152,0.002641,152,4.617,247
2014,9,28,74.7,153,9.840,153,41.0,153,0.001988,153,4.549,246
2014,9,29,67.1,134,10.630,134,37.0,134,0.002464,134,4.589,210
2014,9,30,76.0,83,15.137,83,43.0,83,0.002337,83,4.569,152
2014,10,1,64.6,64,11.585,64,24.0,64,0.002528,64,4.553,99
2014,10,2,61.3,74,13.209,74,25.5,74,0.002545,74,4.536,108
2014,10,3,59.4,67,11.109,67,30.0,67,0.002171,67,4.733,115
2014,10,4,58.1,79,12.005,79,26.0,79,0.002709,79,4.859,126
2014,10,5,53.4,51,9.266,51,25.0,51,0.003356,51,4.722,89
2014,10,6,57.6,57,7.753,57,26.0,57,0.004661,57,4.578,85
2014,10,7,53.0,53,10.745,53,28.0,53,0.003183,53,4.401,86
2014,10,8,51.4,84,13.335,84,24.5,84,0.002583,84,4.639,135
2014,10,9,66.3,62,6.873,62,31.5,62,0.003199,62,4.434,93
2014,10,10,57.8,61,14.215,61,29.0,61,0.002351,61,4.736,101
2014,10,11,64.6,93,9.676,93,24.0,93,0.002336,93,4.619,164
2014,10,12,49.0,47,15.215,47,25.0,47,0.001580,47,4.846,82
2014,10,13,57.7,79,10.560,79,27.0,79,0.002631,79,4.597,113
2014,10,14,56.6,73,9.991,73,26.0,73,0.002594,73,4.752,103
2014,10,15,59.8,42,12.820,42,24.0,42,0.002679,42,4.349,77
2014,10,16,57.9,65,7.967,65,29.0,65,0.002749,65,4.511,111
2014,10,17,44.1,97,9.554,97,29.0,97,0.003376,97,4.830,126
2014,10,18,75.8,76,8.821,76,28.5,76,0.002399,76,4.561,117
2014,10,19,46.0,76,8.583,76,24.0,76,0.002269,76,4.404,103
2014,10,20,64.7,93,8.261,93,25.0,93,0.001840,93,4.484,138
2014,10,21,44.7,75,8.139,75,25.0,75,0.002999,75,4.614,96
2014,10,22,48.7,68,6.767,68,24.0,68,0.003113,68,4.501,96
2014,10,23,56.4,54,6.238,54,27.5,54,0.002128,54,4.210,86
2014,10,24,55.2,78,7.129,78,25.0,78,0.001500,78,4.263,106
2014,10,25,55.1,87,7.651,87,28.0,87,0.002487,87,4.496,125
2014,10,26,55.8,44,10.740,44,24.0,44,0.002299,44,4.311,67
2014,10,27,59.4,55,9.045,55,25.0,55,0.002404,55,4.846,78
2014,10,28,37.9,77,8.545,77,25.0,77,0.002200,77,4.631,93
2014,10,29,58.8,62,7.034,62,25.5,62,0.003279,62,4.593,73
2014,10,30,47.0,67,3.798,67,27.0,67,0.004468,67,4.588,99
2014,10,31,46.2,43,1.476,43,22.0,43,0.019409,43,4.594,52
2014,11,1,42.7,71,2.842,71,24.0,71,0.007717,71,4.589,93
2014,11,2,40.2,90,3.703,90,23.0,90,0.008367,90,4.583,125
2014,11,3,52.5,72,2.737,72,23.5,72,0.012899,72,4.643,88
2014,11,4,59.4,27,6.701,27,23.0,27,0.003085,27,1.625,56
2014,11,5,61.2,37,9.351,37,25.0,37,0.002907,37,4.541,61
2014,11,6,62.3,55,4.907,55,29.0,55,0.003870,55,4.262,78
2014,11,7,53.1,52,3.984,52,28.0,52,0.004495,52,4.584,76
2014,11,8,60.6,78,3.972,78,28.0,78,0.004108,78,4.539,113
2014,11,9,64.1,48,1.072,48,33.0,48,0.049595,48,4.594,79
2014,11,10,62.1,63,2.689,63,31.0,63,0.010173,63,4.276,92
2014,11,11,57.6,83,7.712,83,30.0,83,0.003881,83,4.634,101
2014,11,12,64.3,70,9.428,70,25.5,70,0.003147,70,4.519,115
2014,11,13,63.2,45,15.525,45,26.0,45,0.003549,45,4.766,72
2014,11,14,92.5,66,7.051,66,35.0,66,0.004358,66,3.582,104
2014,11,15,60.4,93,10.053,93,28.0,93,0.002317,93,4.335,134
2014,11,16,64.0,60,10.572,60,27.5,60,0.002399,60,4.541,94
2014,11,17,54.3,56,8.084,56,25.5,56,0.003147,56,4.433,87
2014,11,18,53.3,54,14.763,55,26.0,54,0.001452,55,4.578,103
2014,11,19,61.4,81,9.289,81,29.0,81,0.002973,81,4.512,123
2014,11,20,60.0,53,11.773,53,29.0,53,0.001689,53,4.202,88
2014,11,21,78.1,32,5.588,33,30.0,32,0.005261,33,2.831,56
2014,11,22,61.8,66,10.328,66,29.0,66,0.003564,66,4.572,103
2014,11,23,61.2,49,6.896,49,26.0,49,0.003448,49,4.578,87
2014,11,24,57.5,46,7.652,46,31.0,46,0.002936,46,4.344,71
2014,11,25,68.9,44,6.633,44,29.0,44,0.005422,44,3.962,69
2014,11,26,74.3,56,3.542,56,29.0,56,0.005938,56,4.258,90
2014,11,27,78.5,46,5.747,46,29.0,46,0.005006,46,4.316,72
2014,11,28,81.1,55,1.752,55,31.0,55,0.013485,55,4.138,85
2014,11,29,66.4,43,3.328,43,31.0,43,0.006512,43,3.916,67
2014,11,30,87.8,52,3.676,52,38.0,52,0.006041,52,4.261,74
2014,12,1,79.0,38,11.168,38,28.5,38,0.007130,38,4.005,56
2014,12,2,54.6,26,8.666,26,26.0,26,0.002176,26,4.364,46
2014,12,3,54.0,28,13.463,28,28.0,28,0.002054,28,4.687,49
2014,12,4,59.9,32,16.103,32,26.5,32,0.003419,32,4.492,48
2014,12,5,55.9,38,14.009,38,25.0,38,0.003109,38,5.460,49
2014,12,6,57.2,50,11.847,50,26.0,50,0.002257,50,4.767,68
2014,12,7,63.8,28,10.020,28,25.0,28,0.003516,28,3.256,45
2014,12,8,73.7,19,7.164,19,35.0,19,0.003105,19,3.676,29
2014,12,9,73.7,30,8.803,30,30.5,30,0.002060,30,4.588,51
2014,12,10,82.3,23,11.301,23,27.0,23,0.004194,23,4.551,42
2014,12,11,54.6,28,10.380,28,23.5,28,0.003458,28,4.093,48
2014,12,12,64.0,26,13.385,26,24.0,26,0.001872,26,3.513,70
2014,12,13,90.7,22,13.648,22,25.0,22,0.001614,22,3.837,40
2014,12,14,62.8,25,5.289,25,26.0,25,0.006770,25,4.461,44
2014,12,15,50.2,30,9.690,30,27.5,30,0.002229,30,4.595,48
2014,12,16,51.5,19,7.193,19,32.0,19,0.001560,19,6.046,32
2014,12,17,60.5,23,13.409,23,24.0,23,0.001789,23,3.057,52
2014,12,18,58.8,21,5.936,21,27.0,21,0.004718,21,3.852,46
2014,12,19,54.9,30,9.263,30,26.0,30,0.002422,30,4.533,50
2014,12,20,69.7,28,6.994,28,25.5,28,0.003549,28,4.565,44
2014,12,21,57.4,35,12.374,35,23.0,35,0.002613,35,4.614,57
2014,12,22,79.0,32,4.757,32,26.0,32,0.004400,32,4.510,53
2014,12,23,55.1,34,15.548,34,26.0,34,0.003476,34,4.314,53
2014,12,24,66.0,25,7.633,25,28.0,25,0.005620,25,4.192,48
2014,12,25,58.7,38,10.103,38,27.0,38,0.003352,38,4.586,61
2014,12,26,66.7,42,5.670,42,25.5,42,0.003997,42,3.397,68
2014,12,27,55.5,31,7.735,31,26.0,31,0.003249,31,4.702,55
2014,12,28,66.6,31,7.859,31,30.0,31,0.003785,31,4.608,46
2014,12,29,43.2,28,13.867,28,25.0,28,0.002944,28,4.537,48
2014,12,30,72.5,25,9.422,25,26.0,25,0.002739,25,7.132,44
2014,12,31,54.5,26,7.755,26,26.0,26,0.003443,26,4.581,49
2015,1,1,45.2,36,5.463,36,27.0,36,0.002732,36,4.566,56
2015,1,2,44.4,41,8.369,41,24.0,41,0.002614,41,4.852,62
2015,1,3,61.6,49,11.130,49,26.0,49,0.001854,49,4.268,72
2015,1,4,85.3,26,14.128,26,27.5,26,0.001238,26,4.135,41
2015,1,5,98.4,22,7.004,22,25.0,22,0.002368,22,4.525,40
2015,1,6,61.4,26,5.286,26,29.5,26,0.002812,26,4.272,41
2015,1,7,65.8,34,5.399,34,26.5,34,0.006543,34,4.465,52
2015,1,8,49.2,29,16.003,29,26.0,29,0.005679,29,4.515,48
2015,1,9,74.0,25,8.467,25,26.0,25,0.002558,25,4.374,44
2015,1,10,56.1,35,5.655,35,29.0,35,0.003732,35,4.590,41
2015,1,11,58.9,27,7.721,27,29.0,27,0.005349,27,4.477,43
2015,1,12,46.4,26,13.861,26,26.5,26,0.002418,26,4.547,45
2015,1,13,67.1,34,14.283,34,27.0,34,0.002943,34,4.574,47
2015,1,14,76.9,27,10.347,27,29.0,27,0.003520,27,4.433,54
2015,1,15,158.0,29,2.162,29,46.0,29,0.004204,29,1.579,56
2015,1,16,65.6,24,12.146,24,29.5,24,0.003455,24,4.673,37
2015,1,17,52.0,30,18.273,30,21.0,30,0.001468,30,4.633,49
2015,1,18,47.4,22,6.513,22,25.0,22,0.002609,22,3.705,42
2015,1,19,43.2,29,10.953,29,21.0,29,0.003359,29,4.544,41
2015,1,20,48.2,43,13.658,43,20.0,43,0.001333,43,4.441,78
2015,1,21,44.3,58,15.421,58,22.0,58,0.002130,58,4.505,106
2015,1,22,50.5,35,10.485,35,23.0,35,0.003523,35,4.548,55
2015,1,23,49.6,46,16.871,46,19.0,46,0.001132,46,4.476,71
2015,1,24,57.3,72,4.144,72,21.0,72,0.008448,72,4.502,111
2015,1,25,48.1,75,7.755,75,21.0,75,0.002809,75,4.511,103
2015,1,26,84.9,44,7.738,44,22.5,44,0.002872,44,4.402,72
2015,1,27,58.4,65,7.471,65,23.0,65,0.004976,65,4.404,88
2015,1,28,60.1,46,11.483,46,21.5,46,0.003096,46,4.789,74
2015,1,29,61.0,60,5.374,60,31.0,60,0.004183,60,3.798,99
2015,1,30,69.5,52,10.425,52,22.5,52,0.002833,52,4.555,84
2015,1,31,54.5,57,13.112,57,33.0,57,0.002371,57,4.546,84
2015,2,1,67.4,51,12.211,51,23.0,51,0.001739,51,4.520,81
2015,2,2,57.0,45,5.002,45,34.0,45,0.003056,45,4.370,76
2015,2,3,66.3,65,5.810,65,22.0,65,0.003467,65,3.992,94
2015,2,4,78.6,44,11.299,44,23.0,44,0.003029,44,4.621,67
2015,2,5,65.2,47,14.188,47,24.0,47,0.002035,47,4.536,79
2015,2,6,70.6,45,4.572,45,39.0,45,0.003458,45,4.152,66
2015,2,7,68.5,34,10.079,34,24.0,34,0.003111,34,4.074,64
2015,2,8,66.6,73,8.477,73,24.0,73,0.003403,73,4.875,102
2015,2,9,62.3,46,7.293,46,31.5,46,0.004150,46,3.981,76
2015,2,10,71.9,35,12.410,35,24.0,35,0.002038,35,4.460,80
2015,2,11,48.4,41,15.094,41,21.0,41,0.001701,41,7.871,77
2015,2,12,54.1,35,18.011,35,22.0,35,0.001334,35,5.337,57
2015,2,13,63.5,47,5.451,47,21.0,47,0.002039,47,4.294,77
2015,2,14,68.6,59,7.272,59,19.0,59,0.003196,59,4.528,85
2015,2,15,82.2,37,10.795,37,32.0,37,0.003889,37,3.766,71
2015,2,16,56.0,45,12.801,45,19.0,45,0.001278,45,4.439,95
2015,2,17,58.4,38,13.591,38,21.0,38,0.002275,38,4.586,61
2015,2,18,75.8,47,15.014,47,20.0,47,0.001492,47,4.558,81
2015,2,19,40.9,38,15.432,38,16.0,38,0.002497,38,4.601,63
2015,2,20,42.0,42,16.654,42,19.5,42,0.001857,42,4.446,69
2015,2,21,56.1,47,15.916,47,22.0,47,0.001695,47,4.666,76
2015,2,22,63.7,39,9.047,39,23.0,39,0.005280,39,4.556,70
2015,2,23,46.7,39,13.954,39,20.0,39,0.000733,39,4.592,63
2015,2,24,41.0,45,9.549,45,19.0,45,0.002528,45,4.316,70
2015,2,25,50.9,56,14.622,56,21.5,56,0.001946,56,4.601,88
2015,2,26,67.7,47,9.856,47,23.0,47,0.003382,47,4.070,68
2015,2,27,57.7,45,11.362,45,21.0,45,0.003613,45,4.535,71
2015,2,28,54.4,38,15.302,38,18.0,38,0.001940,38,5.932,78
2015,3,1,62.0,45,13.338,45,20.0,45,0.002042,45,4.534,77
2015,3,2,58.0,43,9.164,43,20.0,43,0.002877,43,4.291,68
2015,3,3,52.1,52,11.325,52,20.0,52,0.002581,52,5.155,93
2015,3,4,44.0,37,13.444,37,21.0,37,0.003901,37,4.864,53
2015,3,5,47.1,37,11.753,37,22.0,37,0.001246,37,5.970,64
2015,3,6,65.4,41,13.476,41,20.0,41,0.002768,41,4.595,76
2015,3,7,55.3,68,14.148,68,20.0,68,0.002203,68,4.598,98
2015,3,8,53.2,33,5.012,33,26.0,33,0.006664,33,3.682,59
2015,3,9,54.7,52,12.187,52,21.0,52,0.002339,52,4.628,84
2015,3,10,60.3,39,13.894,39,22.0,39,0.001570,39,4.602,62
2015,3,11,46.6,67,14.216,67,21.0,67,0.001869,67,4.545,95
2015,3,12,45.8,35,17.846,35,19.0,35,0.001622,35,4.809,50
2015,3,13,50.2,40,17.266,40,25.5,40,0.001462,40,4.876,63
2015,3,14,70.8,44,8.108,44,26.5,44,0.003659,44,4.334,70
2015,3,15,46.4,42,10.292,42,19.5,42,0.001967,42,4.555,72
2015,3,16,49.5,50,18.065,50,19.0,50,0.001119,50,4.614,82
2015,3,17,51.4,30,20.894,30,20.0,30,0.001458,30,4.601,53
2015,3,18,54.0,41,12.374,41,23.0,41,0.001606,41,4.863,67
2015,3,19,52.6,49,10.313,49,22.0,49,0.001902,49,3.787,71
2015,3,20,44.2,56,21.355,56,21.0,56,0.001942,56,4.676,84
2015,3,21,46.9,108,21.398,108,21.0,108,0.001150,108,4.758,178
2015,3,22,47.7,44,26.599,44,19.5,44,0.001297,44,4.887,68
