month,hour,year,packet_retransmit_rate,packet_retransmit_rate_n,minimum_rtt,minimum_rtt_n,average_rtt,average_rtt_n,download_throughput,download_throughput_n,upload_throughput,upload_throughput_n
1,0,2012,0.006869,100,46,188,142.2,106,12.07,188,3.679,203
1,1,2012,0.007513,69,46,143,144.8,74,16.8,143,4.764,163
1,2,2012,0.007216,61,41.5,110,129.6,62,20.4,110,6.58,123
1,3,2012,0.006964,50,45,87,125.8,50,18.97,87,5.41,102
1,4,2012,0.00652,52,51,96,141.1,55,21.83,96,7.86,104
1,5,2012,0.00741,45,47,76,156.6,53,21.58,76,8.862,84
1,6,2012,0.007263,48,45,92,157.3,56,21.64,92,6.444,110
1,7,2012,0.007263,38,47.5,84,129.8,43,21.7,84,8.041,91
1,8,2012,0.006783,62,45,117,132.2,69,19.53,117,5.877,129
1,9,2012,0.007064,67,45,117,132.1,70,21.38,117,5.69,132
1,10,2012,0.007172,77,47,155,160.6,83,17.38,155,3.77,173
1,11,2012,0.006265,79,42,175,132.1,88,16.9,175,4.284,196
1,12,2012,0.007292,85,45,184,160.3,87,9.617,184,2.381,201
1,13,2012,0.005601,90,43,181,152.5,99,12.58,181,3.559,210
1,14,2012,0.007272,88,41,181,156,94,14.72,181,3.559,208
1,15,2012,0.00728,84,41,182,142.3,88,12.84,182,4.056,205
1,16,2012,0.007275,87,33,192,126.2,93,18.26,192,4.015,215
1,17,2012,0.006753,117,46.5,216,131.3,123,15.11,216,3.647,266
1,18,2012,0.007152,118,45,271,154,122,13.41,272,2.691,307
1,19,2012,0.006741,129,44,241,132.4,132,14.58,241,3.93,271
1,20,2012,0.007094,120,43,239,134.2,124,13.4,239,3.96,275
1,21,2012,0.006835,113,31,257,145.6,122,11.5,257,3.717,291
1,22,2012,0.006697,126,43,227,147.2,129,12.59,228,2.613,280
1,23,2012,0.006997,121,41,227,137.6,124,9.696,227,3.167,249
2,0,2012,0.007133,63,39,155,132.6,65,14.03,155,3.521,177
2,1,2012,0.006888,62,45,125,141.4,69,14.32,126,3.715,147
2,2,2012,0.007043,57,41.5,126,156.2,62,18.56,126,3.833,147
2,3,2012,0.007356,47,45,102,147.3,52,19.51,102,4.291,128
2,4,2012,0.007638,51,46,102,153.6,57,20.6,102,7.144,109
2,5,2012,0.008024,45,47,91,148,47,23,91,11.16,97
2,6,2012,0.007573,52,48.5,92,152.6,56,22.08,92,8.269,105
2,7,2012,0.008189,44,45.5,80,137.1,45,18.06,80,4.299,93
2,8,2012,0.007937,71,42,130,146.3,73,18.97,130,4.285,142
2,9,2012,0.007419,68,50,149,159.8,75,14.12,149,3.563,169
2,10,2012,0.007716,84,46,159,142.1,88,14.6,160,3.759,183
2,11,2012,0.006537,80,43,156,156.5,86,16.82,156,3.816,187
2,12,2012,0.006671,94,42,171,136,98,11.7,171,3.735,200
2,13,2012,0.008,76,43,175,161,81,11.87,175,3.019,198
2,14,2012,0.007516,89,41,186,156,95,18.51,186,4.335,212
2,15,2012,0.007834,79,44,161,128,83,15.16,161,3.867,193
2,16,2012,0.007599,91,40,195,144,97,14.17,195,3.702,219
2,17,2012,0.007758,108,42,223,154.3,110,12.11,223,3.812,259
2,18,2012,0.00689,113,41,250,136.4,114,15.18,250,3.73,287
2,19,2012,0.007091,119,47,242,158.5,121,12.54,242,2.965,285
2,20,2012,0.007331,128,42,246,144,129,12.53,246,3.12,287
2,21,2012,0.007448,133,39,245,149.1,133,11.13,246,2.246,291
2,22,2012,0.006123,127,43,259,135.5,132,13.11,259,3.565,303
2,23,2012,0.007024,102,15,200,139.3,108,14.64,200,3.43,234
3,0,2012,0.007306,114,43.5,222,122.7,114,15.18,222,4.257,237
3,1,2012,0.007468,65,44,146,140.9,65,15.15,146,4.127,158
3,2,2012,0.007192,60,43,128,133.5,60,19.68,128,4.301,146
3,3,2012,0.007356,58,49,111,128.3,58,19.33,111,3.971,124
3,4,2012,0.007403,60,45,115,118.9,60,23.29,115,14.72,126
3,5,2012,0.00782,45,47,91,132.4,45,22.66,91,15.58,100
3,6,2012,0.007663,55,50.5,100,140.5,55,23.6,100,17.71,110
3,7,2012,0.007767,63,46,111,144.1,63,22.93,111,6.348,123
3,8,2012,0.007482,76,43,135,125.3,76,22.64,135,6.797,147
3,9,2012,0.007215,65,47,131,116.5,65,17.77,131,4.012,148
3,10,2012,0.007693,102,42,195,136.1,102,22.19,195,8.213,209
3,11,2012,0.00767,89,45,175,132.3,89,15.15,175,4.046,190
3,12,2012,0.006616,84,45,165,122.1,84,20.1,165,4.218,187
3,13,2012,0.007293,101,42,201,147.5,101,16.43,201,4.028,224
3,14,2012,0.006799,121,31,210,121.3,121,11.3,210,3.878,259
3,15,2012,0.004804,83,36,183,133.3,83,15.19,183,3.886,208
3,16,2012,0.006721,109,40,208,127.6,109,17.05,208,4.109,237
3,17,2012,0.007353,129,42,230,130.7,129,11.23,230,3.475,262
3,18,2012,0.007533,137,45,276,135,137,13.02,276,3.25,314
3,19,2012,0.006862,127,41,242,121.7,127,15.16,242,4.184,272
3,20,2012,0.005464,133,31,273,114,133,14.63,273,4.041,306
3,21,2012,0.006723,153,42,273,119.8,153,14.02,273,4.057,315
3,22,2012,0.007349,135,42,265,118.7,135,14.92,265,4.029,294
3,23,2012,0.007022,89,41,212,119.3,89,14.3,212,4.046,235
4,0,2012,0.007122,80,42,166,114.5,80,18.68,166,4.123,187
4,1,2012,0.007256,76,46,150,121.1,76,21.26,150,4.167,167
4,2,2012,0.007399,56,44,116,127.3,56,23.68,116,10.79,130
4,3,2012,0.008041,60,52,97,130,60,22.79,97,5.538,123
4,4,2012,0.007817,61,49,101,124.8,61,23.8,101,7.91,115
4,5,2012,0.007776,42,49,76,131.7,42,23.88,76,12.76,97
4,6,2012,0.007273,48,45,100,128,48,22.12,100,6.491,112
4,7,2012,0.006918,49,47,87,124.1,49,23.77,87,18.89,93
4,8,2012,0.006748,67,42.5,154,111.3,67,20.13,154,6.435,165
4,9,2012,0.008035,75,50,138,127.7,75,19.18,138,4.039,153
4,10,2012,0.008325,112,46,172,143.1,112,15.91,172,3.756,190
4,11,2012,0.007052,95,44.5,154,112.3,95,20.26,154,4.3,171
4,12,2012,0.006806,101,47,158,132.5,101,21.02,158,4.366,176
4,13,2012,0.006776,90,45,162,92.21,90,17.76,162,4.597,171
4,14,2012,0.005584,101,40,170,112.4,101,20.53,170,4.352,193
4,15,2012,0.004366,118,42,201,90.24,118,18.51,201,4.339,217
4,16,2012,0.007293,107,47,202,118.4,107,13.68,202,3.768,223
4,17,2012,0.005944,111,34,236,117.9,111,19.65,236,4.35,254
4,18,2012,0.007251,117,41,216,122.2,117,15.38,216,3.865,240
4,19,2012,0.004981,123,44,244,120.6,123,15.02,244,3.967,279
4,20,2012,0.00578,156,42,245,98.4,156,11.98,245,4.01,293
4,21,2012,0.003777,145,40,264,89.01,145,13.29,264,3.969,299
4,22,2012,0.005604,170,45.5,276,131.4,170,11.33,276,3.122,330
4,23,2012,0.007594,121,45,225,117.6,121,11.27,225,3.968,250
5,0,2012,0.005562,80,42,166,119.4,80,19.39,166,4.17,178
5,1,2012,0.007032,80,45,164,124.6,80,13.2,164,3.953,178
5,2,2012,0.007206,66,45,110,128.8,66,23.71,110,14.21,124
5,3,2012,0.007476,59,51,127,123.9,59,21.87,127,4.077,142
5,4,2012,0.008036,52,52,81,123.8,52,22.54,81,11.78,86
5,5,2012,0.007755,52,50,95,130.1,52,22.72,95,10.05,100
5,6,2012,0.007254,56,47,96,121,56,23.88,96,20.19,99
5,7,2012,0.007366,60,44,123,121.7,60,23.83,123,18.92,133
5,8,2012,0.007367,63,43,131,131.9,63,23.7,131,4.209,146
5,9,2012,0.006937,78,49,160,132.9,78,11.42,160,3.517,175
5,10,2012,0.006984,102,49,185,120.1,102,14.97,185,3.973,199
5,11,2012,0.006447,112,49,189,113.4,112,15.03,189,4.145,206
5,12,2012,0.004924,111,47,172,107.2,111,14.95,172,3.513,186
5,13,2012,0.005125,101,48,167,115.4,101,15.72,167,3.483,189
5,14,2012,0.005047,122,44,206,117.5,122,15.05,206,3.613,233
5,15,2012,0.006629,108,43,193,109.3,108,14.26,193,4.072,210
5,16,2012,0.006862,130,47,223,119.3,130,13.09,223,3.522,242
5,17,2012,0.005311,123,32,261,124.4,123,15.01,261,3.909,298
5,18,2012,0.00666,120,46,234,116.5,120,12.7,234,3.54,280
5,19,2012,0.006887,146,42,261,126.4,146,14.78,261,4.072,296
5,20,2012,0.006638,139,43,251,119.8,139,13.45,251,3.732,282
5,21,2012,0.006572,155,48,278,126.8,155,6.269,278,0.9374,315
5,22,2012,0.006468,159,43.5,256,108.8,159,13.78,256,3.739,300
5,23,2012,0.006796,133,40.5,270,127.3,133,10.63,270,2.785,302
6,0,2012,0.007151,70,42,145,112.2,70,12.92,145,1.523,180
6,1,2012,0.00714,89,46,159,127.6,89,19.86,159,5.278,173
6,2,2012,0.007614,57,44,104,132.4,57,19.46,104,7.929,113
6,3,2012,0.006712,56,45,108,121.3,56,15.24,108,5.418,117
6,4,2012,0.006864,58,49,95,127.5,58,23.65,95,19.76,100
6,5,2012,0.007391,56,49,92,131.3,56,22.63,92,11.43,100
6,6,2012,0.007168,57,50,87,123.6,57,23.82,87,19.9,92
6,7,2012,0.007422,48,48.5,96,125.4,48,22.42,96,8.611,105
6,8,2012,0.00767,71,48,123,126.8,71,22.43,123,11.23,131
6,9,2012,0.007453,80,49,148,130.7,80,21.27,148,4.541,165
6,10,2012,0.006649,96,50,170,92.24,96,12.5,170,3.61,191
6,11,2012,0.002396,112,48,156,109.2,112,17.18,156,4.018,171
6,12,2012,0.0009391,123,43.5,172,72.54,123,16.95,172,4.019,181
6,13,2012,0.0009144,127,42,168,80.17,127,14.66,168,4.002,183
6,14,2012,0.00222,139,40,172,81.1,139,15.53,172,4.066,198
6,15,2012,0.002547,130,47,196,104.2,130,12.65,196,3.523,219
6,16,2012,0.002602,142,39,196,82.24,142,14.87,196,3.844,221
6,17,2012,0.001908,139,43,214,80.85,139,13.84,214,3.285,236
6,18,2012,0.003812,130,45,207,102.7,130,10.16,207,4.004,231
6,19,2012,0.002693,116,18,207,79.2,116,15.02,207,4.01,235
6,20,2012,0.002149,159,38.5,254,66.18,159,13.32,254,3.923,287
6,21,2012,0.00433,192,44,251,79.83,192,13.36,251,3.53,282
6,22,2012,0.001555,170,36,249,77.31,170,15.91,249,4.044,273
6,23,2012,0.004394,125,41.5,214,110.1,125,10.78,214,3.525,247
7,0,2012,0.004426,100,40,196,122.3,100,16.43,196,3.951,222
7,1,2012,0.007353,69,42,150,132.7,69,18.92,150,4.811,168
7,2,2012,0.00691,60,45,111,129.3,60,19.5,111,4.256,125
7,3,2012,0.007614,49,46,101,143.5,49,20.96,101,1.565,137
7,4,2012,0.007485,54,45,98,140.5,54,21.75,98,6.809,107
7,5,2012,0.007582,55,49,87,135.8,55,21.08,87,4.248,97
7,6,2012,0.006719,55,49,83,126.9,55,23.53,83,19.07,90
7,7,2012,0.007945,43,50,90,127.7,43,22.26,90,3.586,102
7,8,2012,0.007317,85,47,142,129.5,85,22.16,142,5.644,159
7,9,2012,0.006516,95,50,159,135.1,95,14.48,159,2.365,178
7,10,2012,0.006848,103,48,165,110.2,103,15.04,165,3.97,180
7,11,2012,0.001435,121,37,187,65.14,121,19.05,187,4.531,209
7,12,2012,0.00466,124,44,177,88.7,124,17.76,177,4.048,197
7,13,2012,0.0007819,152,41.5,200,68.88,152,14.8,200,4.391,228
7,14,2012,0.002135,142,44,189,84.4,142,14.86,189,4.131,211
7,15,2012,0.002278,125,47,183,76.97,125,12.79,183,2.207,215
7,16,2012,0.001668,167,45,234,93.41,167,12.97,234,3.831,266
7,17,2012,0.002628,147,43,214,83.58,147,14.44,214,3.733,247
7,18,2012,0.002175,135,39,221,83.34,135,14.57,221,3.812,250
7,19,2012,0.001612,145,41,225,97.71,145,12.25,225,3.729,248
7,20,2012,0.001604,218,46,277,83.38,218,10.91,277,3.778,309
7,21,2012,0.0005671,192,42,252,62.47,192,14.23,252,3.588,292
7,22,2012,0.002228,172,42,257,82.76,172,13.14,257,3.612,283
7,23,2012,0.004075,137,43,230,109.2,137,14.08,230,3.279,263
8,0,2012,0.004847,119,36,218,117.6,119,18.5,218,4.864,236
8,1,2012,0.005724,80,34,173,114.1,80,15.31,173,4.446,188
8,2,2012,0.007358,60,42,112,128.3,60,15.98,112,4.216,119
8,3,2012,0.007401,59,50,105,134.2,59,20.66,105,8.6,115
8,4,2012,0.008074,51,50,87,137.9,51,23.01,87,6.647,96
8,5,2012,0.006998,48,49,85,123.9,48,23.73,85,7.116,93
8,6,2012,0.00783,70,50,93,128.4,70,23.02,93,18.9,102
8,7,2012,0.007078,58,50,94,129.3,58,22.4,94,15.27,105
8,8,2012,0.006556,96,44,158,127.9,96,20.6,158,5.156,173
8,9,2012,0.00668,107,41.5,172,113.2,107,22.38,172,3.897,188
8,10,2012,0.004228,111,44,178,100.6,111,16.51,178,4.188,198
8,11,2012,0.00658,151,46,210,107.5,151,15.61,210,3.997,237
8,12,2012,0.00172,175,41,241,92.79,175,15.89,241,4.173,253
8,13,2012,0.001549,137,42,187,82.56,137,12.1,187,3.889,210
8,14,2012,0.002435,167,43,232,83.57,167,14.17,232,3.893,255
8,15,2012,0.001853,133,41,181,104.1,133,12.52,181,3.969,198
8,16,2012,0.001965,128,40,188,81.98,128,14.27,188,3.759,218
8,17,2012,0.002919,142,40,205,92.62,142,14.7,205,4.05,237
8,18,2012,0.002651,156,43,225,93.2,156,13.41,225,3.447,256
8,19,2012,0.0009158,157,37,233,82.17,157,13.56,233,3.531,279
8,20,2012,0.001313,189,40,245,63.85,189,13.75,245,3.731,283
8,21,2012,0.0004469,198,22,244,67.65,198,10.66,244,3.445,283
8,22,2012,0.002247,164,36,223,92.21,164,11.75,223,3.305,264
8,23,2012,0.004134,128,40,237,119.7,128,12.48,237,3.432,272
9,0,2012,0.002184,94,39,160,115.8,94,16.8,160,6.418,171
9,1,2012,0.006532,65,44.5,104,111.6,65,15.93,104,5.162,110
9,2,2012,0.006953,57,48.5,92,139.4,57,21.22,92,10.48,101
9,3,2012,0.007419,40,49,73,126.1,40,23.65,73,12.1,85
9,4,2012,0.007018,39,49,65,122.6,39,21.13,65,16.15,70
9,5,2012,0.007285,57,48.5,88,127,57,20.86,88,11.72,98
9,6,2012,0.007447,51,49.5,80,122.7,51,22.3,80,10.6,86
9,7,2012,0.006571,71,49,96,108.5,71,23.59,96,14.84,109
9,8,2012,0.006539,65,40,122,123,65,17.49,122,5.323,135
9,9,2012,0.006717,87,49,136,100.4,87,16.52,136,3.968,150
9,10,2012,0.003581,94,45,131,85.42,94,15.13,131,3.983,139
9,11,2012,0.0006982,124,41,147,71.29,124,16.37,147,4.633,164
9,12,2012,0.001303,114,40,139,76.58,114,16.79,139,4.085,152
9,13,2012,0.00166,150,45,176,74.3,150,10.33,176,3.276,193
9,14,2012,0.0007971,133,44,174,71.32,133,13.15,174,3.807,206
9,15,2012,0.002604,133,47,167,75.29,133,14.41,167,4.214,186
9,16,2012,0.0003377,139,12,182,56.85,139,17.5,182,4.136,205
9,17,2012,0.001172,141,31,197,73.73,141,13.61,197,3.889,221
9,18,2012,0.000892,154,37,208,73.93,154,13.23,208,4.082,239
9,19,2012,0.001244,197,39,238,69.21,197,11.7,238,3.352,276
9,20,2012,0.0007451,172,39.5,212,61.22,172,11.42,212,3.367,245
9,21,2012,0.000669,192,41,243,59.27,192,11.36,243,3.546,285
9,22,2012,0.0005743,174,15,216,63.01,174,12.8,216,4.173,240
9,23,2012,0.0008452,122,36.5,188,75.14,122,13.17,188,3.665,226
10,0,2012,0.004695,64,33,105,80.96,64,17.32,105,4.447,117
10,1,2012,0.007616,51,45,76,106.8,51,21.44,76,12.62,84
10,2,2012,0.00712,44,52,60,124.1,44,21.76,60,15.24,62
10,3,2012,0.007151,37,49,57,126,37,22.29,57,11.39,59
10,4,2012,0.007193,43,49,61,117.6,43,23.66,61,20.05,60
10,5,2012,0.008661,28,51,47,125.9,28,21.76,47,15.25,50
10,6,2012,0.007556,35,52,53,124.5,35,23.75,53,19.55,59
10,7,2012,0.007286,42,50,59,122.2,42,23.73,59,16.52,65
10,8,2012,0.005977,56,49,89,111.1,56,22.45,89,9.401,96
10,9,2012,0.005909,51,45,99,110.4,51,16.28,99,4.14,104
10,10,2012,0.005273,70,47,95,86.35,70,23.29,95,4.197,114
10,11,2012,0.002584,70,42,97,81.85,70,17.53,97,5.338,106
10,12,2012,0.002624,85,42.5,106,90.87,85,15.67,106,6.634,118
10,13,2012,0.005116,81,44,109,81.5,81,13.43,109,2.901,120
10,14,2012,0.001506,104,42,126,71.4,104,19.61,126,4.063,139
10,15,2012,0.0007498,85,41,101,71.86,85,14.95,101,4.085,121
10,16,2012,0.001236,76,40.5,110,66.99,76,15.42,110,3.626,126
10,17,2012,0.002243,72,42,97,81.85,72,14.25,97,7.459,105
10,18,2012,0.00697,57,44,93,87.62,57,15.02,93,3.801,106
10,19,2012,0.002568,98,43,135,69.33,98,15.24,135,4.158,158
10,20,2012,0.000989,97,38,128,63.97,97,13.26,128,4.087,139
10,21,2012,0.001872,87,40.5,114,102.2,87,12.5,114,3.027,136
10,22,2012,0.0009466,111,43,135,77,111,14.41,135,3.897,153
10,23,2012,0.001422,103,33,130,81.88,103,20.12,130,4.099,147
11,0,2012,0.00558,51,44,102,108.6,51,21.23,102,4.231,110
11,1,2012,0.006472,50,39,93,110.5,50,23.32,93,12.1,102
11,2,2012,0.007614,35,49,65,128.2,35,22.01,65,4.203,70
11,3,2012,0.006715,37,48.5,70,117.2,37,17.87,70,12.8,73
11,4,2012,0.007512,31,50,63,126.7,31,19.11,63,14.35,64
11,5,2012,0.007091,39,51.5,56,122.9,39,23.56,56,19.41,60
11,6,2012,0.00739,40,49,71,125.4,40,20.97,71,8.465,76
11,7,2012,0.005897,54,47,83,113.2,54,22.85,83,19.28,85
11,8,2012,0.008315,68,55,111,126.7,68,19.62,111,12.72,114
11,9,2012,0.004222,77,80,100,114.5,77,5.256,100,4.11,110
11,10,2012,0.003686,56,53,96,112.1,56,9.714,96,4.182,103
11,11,2012,0.003479,59,45,110,104.5,59,16.45,110,7.532,116
11,12,2012,0.007729,63,45.5,100,123,63,22.63,100,10.09,112
11,13,2012,0.002975,50,39,105,84.5,50,18.83,105,5.051,114
11,14,2012,0.003245,84,43.5,144,120.3,84,20.87,144,4.393,158
11,15,2012,0.006448,68,40,122,118.7,68,22.5,122,7.373,133
11,16,2012,0.001842,55,40,102,90.16,55,14.43,102,4.04,119
11,17,2012,0.004968,67,35,145,89.86,67,18.23,145,4.466,162
11,18,2012,0.00311,69,15,166,109.5,69,18.5,166,4.435,186
11,19,2012,0.002986,96,42.5,186,108.3,96,14.54,186,4.294,207
11,20,2012,0.003734,103,49,161,98.84,103,12.33,161,4.892,185
11,21,2012,0.004381,85,47,152,123.2,85,12.37,152,3.673,166
11,22,2012,0.002586,69,39,142,100.5,69,17.09,142,3.935,160
11,23,2012,0.00696,65,44,124,117.2,65,16.41,124,6.205,140
12,0,2012,0.005582,84,40,159,99.59,84,18,159,4.525,177
12,1,2012,0.006427,54,45.5,102,116.3,54,15.74,102,7.259,108
12,2,2012,0.007293,57,45,105,98.36,57,21.52,105,9.358,109
12,3,2012,0.006995,34,51,77,122.7,34,15.12,77,4.615,83
12,4,2012,0.00807,28,44,63,107.8,28,23.45,63,11.87,68
12,5,2012,0.006951,41,50,67,115,41,23.7,67,20.04,71
12,6,2012,0.006601,37,52,71,129.9,37,22.07,71,9.404,73
12,7,2012,0.006842,46,50,89,124.1,46,22.34,89,15.89,93
12,8,2012,0.006469,46,44,91,127.1,46,21.38,91,5.27,98
12,9,2012,0.006156,72,52,106,111.8,72,13.86,106,5.121,115
12,10,2012,0.006214,72,54,120,115.2,72,15.22,120,5.094,133
12,11,2012,0.002798,77,49,136,111.5,77,12.07,136,9.439,141
12,12,2012,0.003251,76,46,133,126.2,76,17.97,133,4.05,147
12,13,2012,0.005371,74,50.5,160,118.9,74,16.44,160,4.754,171
12,14,2012,0.006377,86,37,167,104.3,86,19.62,167,4.36,178
12,15,2012,0.007162,84,38,165,115.5,84,13.87,165,3.942,181
12,16,2012,0.004344,87,27,153,100.1,87,14.18,153,4.015,165
12,17,2012,0.007205,68,18,139,124,68,17.62,139,4.208,155
12,18,2012,0.003163,106,41,173,95.98,106,14.19,173,4.325,192
12,19,2012,0.005738,125,47,182,90.26,125,9.555,182,6.352,197
12,20,2012,0.004837,125,52,203,115.7,125,6.387,203,3.836,224
12,21,2012,0.005814,135,51.5,206,95.93,135,6.768,206,3.997,228
12,22,2012,0.004038,129,50,196,109.3,129,10.98,196,4.142,218
12,23,2012,0.004613,87,41.5,174,116.4,87,12.38,174,4.201,188
1,0,2013,0.007385,56,52,89,106.7,56,7.683,89,4.109,106
1,1,2013,0.006359,36,44.5,62,103.3,36,15.89,62,7.35,67
1,2,2013,0.007566,39,49,69,128.7,39,22.53,69,4.138,72
1,3,2013,0.007832,33,47,49,100,33,23.38,49,20,54
1,4,2013,0.007705,34,52,55,129.4,34,23.86,55,17.4,58
1,5,2013,0.006737,28,50,45,117.8,28,23.57,45,11.75,55
1,6,2013,0.007818,35,52,56,117.6,35,20.93,56,8.176,64
1,7,2013,0.006721,35,52,57,125.8,35,11.78,57,5.432,64
1,8,2013,0.009438,41,53,72,125.7,41,6.446,72,3.048,75
1,9,2013,0.01254,43,57,70,123.5,43,2.832,70,3.402,74
1,10,2013,0.01383,60,52,93,79.56,60,8.101,93,5.091,105
1,11,2013,0.007717,81,54,115,112.6,81,14.8,115,7.613,124
1,12,2013,0.00635,64,46,102,102.9,64,12.38,102,4.054,111
1,13,2013,0.00626,49,46.5,102,114.1,49,12.38,102,4.051,113
1,14,2013,0.007051,50,42,100,115.9,50,20.94,100,4.168,107
1,15,2013,0.00574,61,40,111,107.9,61,15.15,111,3.875,128
1,16,2013,0.007233,58,38.5,112,87.29,58,13.7,112,4.128,129
1,17,2013,0.005813,67,45,114,91.42,67,15.05,114,6.087,130
1,18,2013,0.005579,76,30,144,104.3,76,12.93,144,4.213,157
1,19,2013,0.006605,95,52,151,115.6,95,8.872,151,3.976,169
1,20,2013,0.007398,107,51,152,98.47,107,6.243,152,4.057,166
1,21,2013,0.008254,114,55,162,111.9,114,4.417,162,3.854,180
1,22,2013,0.006046,105,50,135,95.08,105,6.875,135,5.966,147
1,23,2013,0.006452,77,52,108,100.8,77,5.91,108,4.035,117
2,0,2013,0.00731,43,41,83,125.7,43,23.32,83,9.488,96
2,1,2013,0.006681,40,44,77,128.6,40,17.81,77,3.986,84
2,2,2013,0.008359,22,45,49,115.2,22,23.69,49,10.32,53
2,3,2013,0.007462,28,49.5,40,121.6,28,23.73,40,14.11,47
2,4,2013,0.007997,23,51,36,132.9,22,23.68,37,12.15,43
2,5,2013,0.006613,22,50,40,115.5,22,24.03,40,19.99,46
2,6,2013,0.007988,23,51.5,46,127,23,20.53,46,11.33,50
2,7,2013,0.006451,30,44.5,48,100.9,30,23.12,48,17.44,52
2,8,2013,0.005874,34,48.5,54,117.6,34,21.35,54,6.642,59
2,9,2013,0.006646,33,49,68,121.2,33,21.8,68,5.711,78
2,10,2013,0.006105,32,46,58,127.5,32,18.16,58,3.904,65
2,11,2013,0.006309,40,45.5,82,112.8,40,21.61,82,4.374,94
2,12,2013,0.008218,43,48,74,123.2,43,21.51,74,14.07,79
2,13,2013,0.008019,32,49,87,153.6,32,11.96,87,3.714,93
2,14,2013,0.003809,38,34.5,82,96.43,38,16.77,82,4.149,89
2,15,2013,0.006019,38,40.5,70,116.6,38,21.36,70,5.064,74
2,16,2013,0.004979,49,39,93,121.9,49,18.25,93,5.471,101
2,17,2013,0.005335,47,14.5,98,128.4,47,21.81,98,4.209,113
2,18,2013,0.006327,38,43,73,115.6,38,15.24,73,3.611,83
2,19,2013,0.006279,55,43,109,112.3,55,15.16,109,5.856,120
2,20,2013,0.007447,46,43,95,124.5,46,16.96,95,4.085,118
2,21,2013,0.006526,59,42,114,122.8,59,15.78,114,4.123,127
2,22,2013,0.006711,57,36,131,115.8,57,18.69,131,4.851,143
2,23,2013,0.006889,45,41,94,123.5,45,16.15,94,4.22,100
3,0,2013,0.005939,55,49,127,125.1,55,13.2,127,4.453,134
3,1,2013,0.003551,63,50,96,122.2,63,15.85,96,3.923,99
3,2,2013,0.007336,43,51,79,122.8,43,16.84,79,5.542,86
3,3,2013,0.007096,42,51.5,70,122.1,42,22.08,70,9.145,75
3,4,2013,0.006836,31,49,54,124,31,23.25,54,9.299,63
3,5,2013,0.005912,33,52,54,123,33,22.5,54,15.32,57
3,6,2013,0.006886,30,50,55,120.1,30,21.55,55,15.3,56
3,7,2013,0.006803,38,48.5,66,118.7,38,22.3,66,9.055,69
3,8,2013,0.006944,57,49,104,115.9,57,23.5,104,15.46,111
3,9,2013,0.007181,55,49,110,117.9,55,22.32,110,6.809,118
3,10,2013,0.007042,41,50,81,122,41,21.48,81,7.394,91
3,11,2013,0.006882,49,46.5,90,124.2,49,20.83,90,6.404,97
3,12,2013,0.003514,41,50,66,124.6,41,11.74,66,4.008,73
3,13,2013,0.004208,60,51,108,120.4,60,12.29,108,4.094,117
3,14,2013,0.006632,64,51,128,122.2,64,14.62,128,4.022,138
3,15,2013,0.006307,75,46,130,107.6,75,18.47,130,4.13,155
3,16,2013,0.006579,86,40,153,115,86,19.86,153,5.05,177
3,17,2013,0.004618,75,49,127,126.9,75,20.67,127,4.525,139
3,18,2013,0.007248,62,49,132,119.9,62,15.14,132,4.165,159
3,19,2013,0.004097,86,42,152,103.8,86,12.53,152,4.12,167
3,20,2013,0.002731,76,47.5,148,95.65,76,14.17,148,4.47,165
3,21,2013,0.004254,93,47,175,112.7,93,11.93,175,3.99,188
3,22,2013,0.003738,73,54,125,102.4,73,13.02,125,4.469,143
3,23,2013,0.005734,62,50,120,113.6,62,13.35,120,3.995,138
4,0,2013,0.007517,68,48.5,118,115.9,68,12.15,118,4.303,136
4,1,2013,0.004845,33,48,67,110.4,33,14.47,67,4.15,72
4,2,2013,0.005795,49,51,84,109.8,49,16.13,84,4.422,90
4,3,2013,0.007089,43,54,56,130.7,43,22.27,56,9.297,64
4,4,2013,0.006955,45,52,66,115.6,45,23.43,66,19.58,69
4,5,2013,0.006496,49,50,64,117.4,49,21.79,64,13.66,68
4,6,2013,0.005099,36,52,61,148.5,36,18.6,61,4.78,70
4,7,2013,0.006992,42,50,74,113.4,42,22.59,74,7.599,80
4,8,2013,0.007226,56,50.5,98,118.5,56,21.9,98,5.011,109
4,9,2013,0.006697,63,43,107,111.6,63,23.25,107,8.233,123
4,10,2013,0.004577,60,46,117,87.78,60,14.84,117,4.083,130
4,11,2013,0.006355,53,48,89,113.2,53,14.19,89,4.347,104
4,12,2013,0.007005,66,49,109,113.3,66,17.54,109,5.852,120
4,13,2013,0.008248,62,49,112,123.2,62,17.9,112,9.254,118
4,14,2013,0.006145,54,45,108,122.2,54,17.11,108,3.408,122
4,15,2013,0.006583,61,47,117,120.4,61,13.26,117,3.918,132
4,16,2013,0.008237,67,48,147,117.8,67,11.97,147,3.327,165
4,17,2013,0.006601,71,45,146,98.48,71,13.72,146,5.264,160
4,18,2013,0.006579,80,40,140,108.8,80,15.1,140,4.181,162
4,19,2013,0.005037,68,47,133,111.4,68,14.45,133,4.095,154
4,20,2013,0.007203,95,44,151,109.2,95,12.93,151,4.111,170
4,21,2013,0.006338,93,49,144,115.8,93,9.837,144,3.965,157
4,22,2013,0.002814,91,50,152,116.6,91,9.239,152,3.333,167
4,23,2013,0.004231,63,44,133,112.6,63,14.88,133,3.883,154
5,0,2013,0.004867,118,49.5,170,108.5,118,8.949,170,5.374,188
5,1,2013,0.006811,106,35,174,94.16,106,14.31,174,9.023,188
5,2,2013,0.006927,76,52,115,115.2,76,22.2,115,15.5,123
5,3,2013,0.006617,67,50,106,146.4,67,21.58,106,6.576,120
5,4,2013,0.006848,53,51,90,134.4,53,22.3,90,6.489,106
5,5,2013,0.006287,51,51,96,117.5,51,21.92,96,10.1,99
5,6,2013,0.006328,59,54,117,119.2,59,18.31,117,4.514,127
5,7,2013,0.006841,73,45,153,130.9,73,18.94,153,4.032,173
5,8,2013,0.007291,80,54,138,108.6,80,11.29,138,5.405,151
5,9,2013,0.006239,78,47,154,106.2,78,9.122,154,5.784,169
5,10,2013,0.005927,92,48,160,112.2,92,9.712,160,3.166,190
5,11,2013,0.005285,120,59,159,102.6,120,8.293,159,4.208,175
5,12,2013,0.004158,122,48,171,92.92,122,10.97,171,6.921,182
5,13,2013,0.003202,128,57,175,109.2,128,9.636,175,3.603,196
5,14,2013,0.006369,93,55,149,96.73,93,14.28,149,4.741,163
5,15,2013,0.002336,171,49.5,214,94.29,171,10.22,214,5.61,226
5,16,2013,0.002928,166,52,229,93.96,166,6.082,229,4.164,256
5,17,2013,0.002605,205,44,227,81.71,205,6.062,227,4.283,250
5,18,2013,0.004917,173,59.5,196,96.22,173,3.582,196,3.815,225
5,19,2013,0.005024,221,60,236,92.73,221,2.977,236,4.129,263
5,20,2013,0.007353,259,60,270,89.28,259,2.159,270,3.165,310
5,21,2013,0.007247,224,57.5,236,89.48,224,2.608,236,3.818,273
5,22,2013,0.005654,191,62,200,91.48,191,2.718,200,2.922,238
5,23,2013,0.004739,161,59.5,184,92.07,161,2.967,184,5.595,206
6,0,2013,0.007433,280,60,290,89.24,280,1.726,290,4.13,304
6,1,2013,0.004825,182,49,240,93.16,182,5.489,240,7.065,266
6,2,2013,0.006999,96,44.5,168,125.1,96,19.62,168,5.866,186
6,3,2013,0.006956,78,52,146,122,78,21.83,146,6.025,156
6,4,2013,0.007313,64,49,112,133.1,64,22.35,112,17.27,116
6,5,2013,0.006394,78,47,120,112.4,78,21.93,120,17.3,128
6,6,2013,0.005584,64,43,126,113.4,64,23.6,126,8.046,142
6,7,2013,0.006509,104,49,146,119.3,104,23.5,146,19.13,162
6,8,2013,0.003102,114,48,186,111,114,16.36,186,4.446,210
6,9,2013,0.006913,146,53,222,105.5,146,9.471,222,2.73,242
6,10,2013,0.004674,184,59,228,94.94,184,3.778,228,3.085,266
6,11,2013,0.005092,270,64.5,312,93.65,270,2.858,312,3.291,338
6,12,2013,0.005453,250,66,280,96.65,250,3.466,280,3.651,294
6,13,2013,0.005117,280,62,322,94.47,280,3.821,322,3.387,350
6,14,2013,0.002751,268,42,302,85.26,268,4.769,302,3.979,344
6,15,2013,0.002562,286,60,318,90.56,286,4.784,318,4.06,356
6,16,2013,0.003344,274,61,290,85.12,274,4.38,290,3.924,328
6,17,2013,0.004835,328,66,336,87.36,328,3.467,336,4.128,374
6,18,2013,0.004586,271,59,275,82.8,271,2.735,275,3.646,311
6,19,2013,0.00736,358,62,360,83.94,358,1.999,360,3.498,396
6,20,2013,0.01294,304,58.5,304,84.76,304,1.401,304,2.84,346
6,21,2013,0.01664,412,65,420,95.94,412,1.024,420,2.906,464
6,22,2013,0.01717,334,60,340,90.41,334,1.14,340,3.66,378
6,23,2013,0.01361,340,70,354,96.84,340,1.111,354,3.176,392
7,0,2013,0.006801,202,47,298,96.36,202,2.881,298,4.295,316
7,1,2013,0.003347,148,47,264,115.6,148,6.884,264,4.096,282
7,2,2013,0.006325,108,49,184,115.7,108,22.13,184,10.25,198
7,3,2013,0.006833,82,47,118,114.9,82,21.71,118,4.789,130
7,4,2013,0.006238,76,43.5,144,110.2,76,23.53,144,11.3,154
7,5,2013,0.006578,82,47,128,111.5,82,21.16,128,14.92,130
7,6,2013,0.006271,66,44,132,111.6,66,22.06,132,10.56,140
7,7,2013,0.007019,106,45,204,129,106,18.12,204,4,204
7,8,2013,0.005612,138,47,244,113.4,138,13.82,244,3.721,252
7,9,2013,0.004246,148,47,270,131.9,148,10.33,270,3.021,276
7,10,2013,0.002447,184,48,320,102.4,184,9.457,320,3.651,326
7,11,2013,0.004797,226,60,314,114.5,226,5.374,314,2.608,304
7,12,2013,0.00609,246,56,338,106.1,246,4.369,338,2.897,364
7,13,2013,0.007326,276,53.5,372,100.5,276,3.488,372,2.351,400
7,14,2013,0.005908,206,69,302,106.5,206,2.551,302,2.276,324
7,15,2013,0.006336,224,48.5,332,96.72,224,3.457,332,3.176,354
7,16,2013,0.006844,252,50,366,92.95,252,3.176,366,4.24,396
7,17,2013,0.007549,284,48,396,110.7,284,3.333,396,4.123,390
7,18,2013,0.008654,331,48,425,104.2,331,2.735,425,3.325,421
7,19,2013,0.01112,278,47,402,104.8,278,2.13,402,2.692,430
7,20,2013,0.01401,362,49,494,96.44,362,1.862,494,4.438,508
7,21,2013,0.01848,374,52,498,94.07,374,1.386,498,3.289,520
7,22,2013,0.01763,334,49,450,65.5,334,1.717,450,3.963,468
7,23,2013,0.01285,244,49,350,99.48,244,2.337,350,3.969,378
8,0,2013,0.01599,298,49.5,324,63.69,298,1.319,324,8.401,342
8,1,2013,0.004997,194,68,218,88.53,194,2.277,218,3.147,244
8,2,2013,0.004533,126,50,178,113.2,126,16.11,178,5.717,184
8,3,2013,0.00724,38,24,102,68.46,38,21.97,102,4.769,118
8,4,2013,0.005744,72,47,114,111.6,72,22.76,114,11.48,146
8,5,2013,0.006471,76,45,132,109,76,23.96,132,19.89,136
8,6,2013,0.006163,72,44,146,107.4,72,22.13,146,10.74,154
8,7,2013,0.005779,132,38.5,216,107.8,132,13.03,216,8.256,236
8,8,2013,0.008028,154,53.5,256,100.1,156,8.017,256,4.129,272
8,9,2013,0.00268,254,60,318,88.01,254,5.198,318,3.415,332
8,10,2013,0.005426,238,61,272,87.29,238,2.558,272,2.234,318
8,11,2013,0.00764,256,64,290,84.42,256,2.064,290,3.402,322
8,12,2013,0.01027,224,68,248,89.08,224,1.682,248,4.088,264
8,13,2013,0.01409,300,61,340,86.96,300,1.421,340,3.648,356
8,14,2013,0.01542,340,50,370,65.5,340,1.341,370,4.013,412
8,15,2013,0.01657,314,58,342,83.1,314,1.157,342,3.542,390
8,16,2013,0.01786,288,50,318,71.98,288,1.106,318,3.574,362
8,17,2013,0.01978,354,51,386,70.9,354,1.104,386,3.651,434
8,18,2013,0.02338,338,57,368,82.97,338,0.9038,368,3.931,411
8,19,2013,0.0313,346,52,392,75.52,346,0.7893,392,3.977,428
8,20,2013,0.03885,406,52,446,72.13,406,0.6941,446,4.135,480
8,21,2013,0.04408,394,53,450,72.43,394,0.6,450,4.012,498
8,22,2013,0.03901,382,52,428,72.31,382,0.7078,428,4.068,474
8,23,2013,0.02645,342,52,380,68.08,342,0.9072,380,4.115,426
9,0,2013,0.009416,165,64,185,88.94,165,1.577,185,4.157,199
9,1,2013,0.004828,131,50,169,92.77,131,8.039,169,4.637,193
9,2,2013,0.006416,63,50,105,112.9,63,20.28,105,10.11,110
9,3,2013,0.006511,46,53,84,124.5,47,21.28,84,5.682,100
9,4,2013,0.006496,41,48,84,112.9,41,22.17,84,5.182,97
9,5,2013,0.007285,41,52,70,147.6,41,22.3,70,8.794,75
9,6,2013,0.004808,52,49,90,115.5,52,15.24,90,3.312,93
9,7,2013,0.006442,67,52,121,128.4,67,13.19,121,2.778,137
9,8,2013,0.005452,115,52,197,125.3,115,9.202,197,2.079,218
9,9,2013,0.005151,119,51,180,98.84,119,5.661,180,4.049,187
9,10,2013,0.006213,178,60,225,88.11,178,3.845,225,3.177,259
9,11,2013,0.00863,205,68,237,89.94,205,2.732,237,4.366,248
9,12,2013,0.008556,219,69,245,91.67,219,1.9,245,3.456,277
9,13,2013,0.008415,219,73,257,95.12,219,2.049,257,3.531,292
9,14,2013,0.01176,287,67,314,91.87,287,1.66,314,3.183,343
9,15,2013,0.01458,214,70,255,91.77,214,1.376,255,3.431,299
9,16,2013,0.02097,232,60,270,94.68,232,1.003,270,3.271,331
9,17,2013,0.01874,232,63,268,72.98,232,1.129,268,3.494,319
9,18,2013,0.02504,261,60,293,82.69,261,0.9489,293,4.187,320
9,19,2013,0.03256,301,57.5,330,73.15,301,0.6967,330,3.974,365
9,20,2013,0.04043,229,55,242,88.8,229,0.5637,242,3.155,311
9,21,2013,0.03933,254,61,273,81.06,254,0.6141,273,4.07,313
9,22,2013,0.03051,257,61,281,83.77,257,0.786,281,3.433,322
9,23,2013,0.0188,203,54,214,78.96,203,1.109,214,4.048,241
10,0,2013,0.006435,119,73,130,93.55,119,2.326,130,7.376,138
10,1,2013,0.004119,58,47,87,109.5,58,11.32,87,9.556,94
10,2,2013,0.006818,37,39,72,106.2,37,19.26,72,7.835,76
10,3,2013,0.007189,49,48,66,129.1,49,19.99,66,11.71,73
10,4,2013,0.00608,30,49,50,112.5,30,21.84,50,7.855,56
10,5,2013,0.006567,30,49.5,54,124.4,30,18.15,54,8.366,56
10,6,2013,0.006459,34,45,67,113.5,34,17.35,67,8.864,71
10,7,2013,0.006802,52,45.5,98,107.8,52,13.21,98,6.462,106
10,8,2013,0.002966,77,54,125,106.6,77,7.067,125,2.261,137
10,9,2013,0.005155,93,52,137,113.4,93,5.817,137,3.088,159
10,10,2013,0.007216,115,57,158,95.6,115,4.971,158,4.904,175
10,11,2013,0.006816,148,71,169,98.02,148,3.614,169,4.21,182
10,12,2013,0.008899,110,73,123,102.2,110,2.211,123,2.122,145
10,13,2013,0.005287,137,67.5,160,93.84,137,2.255,160,4.009,174
10,14,2013,0.01129,187,70,219,92,187,1.643,219,3.694,239
10,15,2013,0.0136,144,75,163,102.1,144,1.144,163,1.931,182
10,16,2013,0.01611,182,72,198,96.98,182,1.041,198,3.803,222
10,17,2013,0.01887,189,78,208,103.9,189,0.8888,208,3.412,225
10,18,2013,0.02384,213,75,243,100.2,213,0.8225,243,4.088,257
10,19,2013,0.03209,218,72,249,99.07,218,0.6338,249,4.176,273
10,20,2013,0.03497,254,73,271,102.8,254,0.6,271,3.289,308
10,21,2013,0.03614,193,72,205,101.9,193,0.566,205,4.022,217
10,22,2013,0.02894,219,71,235,100.2,219,0.7505,235,3.64,276
10,23,2013,0.01663,171,64,197,100.4,171,1.17,197,3.552,220
11,0,2013,0.008273,126,52,143,87.61,126,2.118,143,4.445,152
11,1,2013,0.00627,103,47.5,134,91.29,103,4.027,134,4.762,139
11,2,2013,0.004451,51,39,100,111.9,51,9.966,100,7.766,103
11,3,2013,0.004254,32,45,75,73.43,32,14.49,75,4.681,82
11,4,2013,0.005991,43,44,73,111.1,43,23.75,73,16.44,81
11,5,2013,0.00626,49,47,87,145,49,12.07,87,5.23,79
11,6,2013,0.002899,45,42,91,108.3,46,19.22,91,5.08,105
11,7,2013,0.003918,61,43,120,105.9,61,15.87,120,5.517,132
11,8,2013,0.003611,95,53,137,105.2,95,7.2,137,5.607,148
11,9,2013,0.005319,112,63,155,95.34,112,4.043,155,1.994,167
11,10,2013,0.005026,104,65.5,122,93.08,104,2.524,122,3.11,137
11,11,2013,0.009187,116,72,129,96.59,116,2.315,129,2.957,150
11,12,2013,0.00905,119,63,137,87.47,119,1.629,137,2.905,150
11,13,2013,0.009513,128,68,153,98.6,128,1.728,153,2.567,178
11,14,2013,0.01033,171,66,194,92.16,171,1.538,194,3.017,213
11,15,2013,0.01392,146,57.5,170,92.71,146,1.345,170,3.698,183
11,16,2013,0.01698,166,70.5,180,94.78,166,1.01,180,2.675,198
11,17,2013,0.02174,200,72,208,97.93,200,0.7914,208,3.798,222
11,18,2013,0.027,214,80,231,104,214,0.7174,231,3.362,266
11,19,2013,0.03457,271,71,289,98.85,271,0.6554,289,4.373,311
11,20,2013,0.04104,276,71,292,102.8,276,0.5437,292,4.465,316
11,21,2013,0.03759,266,79,285,102.7,266,0.583,285,3.414,308
11,22,2013,0.02994,245,59,256,89.17,245,0.7147,256,4.205,279
11,23,2013,0.02076,182,71,195,97.1,182,0.7911,195,3.296,213
12,0,2013,0.0233,165,79,172,102.3,165,0.7959,172,4.216,186
12,1,2013,0.00808,120,66,132,95.15,120,1.978,132,4.283,137
12,2,2013,0.006377,73,52,91,84.3,73,3.316,91,5.339,94
12,3,2013,0.003423,54,49,84,110.4,54,11.32,84,5.171,88
12,4,2013,0.005837,39,39.5,76,86.81,39,13.84,76,6.655,79
12,5,2013,0.003972,37,47,63,111.3,37,17.46,63,8.066,68
12,6,2013,0.006211,46,46.5,80,111.5,46,15.91,80,5.705,82
12,7,2013,0.0021,75,46.5,128,82.57,75,11.16,128,5.357,147
12,8,2013,0.002808,125,51,161,87.46,125,5.777,161,5.699,172
12,9,2013,0.007374,189,53,205,88.29,189,2.617,205,5.673,226
12,10,2013,0.01194,174,63,192,91.37,174,1.857,192,4.591,204
12,11,2013,0.01596,207,77,221,96.67,207,1.276,221,2.393,231
12,12,2013,0.01682,190,73,199,95.26,190,1.055,199,3.744,210
12,13,2013,0.0201,207,62,215,89.5,207,0.9801,215,4.325,236
12,14,2013,0.02326,193,78,207,101.2,193,0.7751,207,3.662,218
12,15,2013,0.02839,235,81.5,248,98.79,235,0.7355,248,3.924,263
12,16,2013,0.02703,207,79,222,100.5,207,0.687,222,4.337,234
12,17,2013,0.03251,275,74.5,282,100.6,275,0.6068,282,4.033,302
12,18,2013,0.03774,295,77.5,304,102.9,295,0.5564,304,3.769,320
12,19,2013,0.04976,322,70,323,98.05,322,0.4655,323,4.535,352
12,20,2013,0.06161,309,81.5,312,106.6,309,0.358,312,4.207,342
12,21,2013,0.05882,315,70.5,322,96.27,315,0.41,322,3.923,351
12,22,2013,0.05744,273,68,277,96.29,273,0.4269,277,4.083,305
12,23,2013,0.03797,261,69,268,95.81,260,0.5648,269,4.402,295
1,0,2014,0.02874,92,80,97,103.1,92,0.6361,97,4.06,111
1,1,2014,0.01051,98,67.5,112,90,98,1.56,112,7.481,116
1,2,2014,0.005111,71,56,78,87.11,71,4.172,78,9.603,88
1,3,2014,0.00282,51,52,69,107.8,51,9.035,69,4.903,69
1,4,2014,0.003503,35,42,77,123.3,35,14.09,77,4.893,87
1,5,2014,0.005905,21,46,47,108.7,21,21.02,47,15.41,51
1,6,2014,0.003253,46,45,80,105.4,46,16.61,80,10.48,87
1,7,2014,0.002024,72,45,103,87.35,72,11.89,103,10.89,110
1,8,2014,0.004541,113,62,127,92.27,113,3.018,127,3.972,141
1,9,2014,0.008761,141,64,161,89.39,141,2.035,161,3.921,176
1,10,2014,0.009587,124,79,138,98.59,124,1.266,138,1.672,142
1,11,2014,0.01695,150,69,162,90.82,150,1.052,162,3.891,188
1,12,2014,0.02355,179,71,193,96.92,179,0.7897,193,2.455,196
1,13,2014,0.02367,139,77,156,99,139,0.6953,156,2.013,171
1,14,2014,0.04056,145,81,157,104.7,145,0.5261,157,2.7,175
1,15,2014,0.04399,171,75,190,102.7,171,0.5199,190,3.485,208
1,16,2014,0.04382,185,71.5,214,104.3,185,0.4846,214,3.358,234
1,17,2014,0.0463,169,63.5,190,102.8,169,0.5106,190,3.018,204
1,18,2014,0.06265,208,64,237,105.1,208,0.4096,237,3.67,254
1,19,2014,0.08213,207,58,221,99.06,206,0.3358,222,3.851,230
1,20,2014,0.09324,229,58,249,97.1,229,0.3033,249,3.882,274
1,21,2014,0.09135,257,54,282,98.19,257,0.3024,282,3.772,298
1,22,2014,0.07457,218,53,239,103.2,218,0.31,239,3.971,266
1,23,2014,0.04913,157,54.5,172,91.53,157,0.4821,172,5.116,184
2,0,2014,0.01517,81,49,104,93.57,81,1.598,104,4.957,114
2,1,2014,0.006434,57,45,72,69.1,57,2.987,72,4.469,82
2,2,2014,0.003724,47,50,59,91.73,47,5.795,59,4.317,63
2,3,2014,0.006791,27,47,43,118.3,27,20.28,43,4.717,46
2,4,2014,0.006062,31,45,61,110.5,31,21.46,61,4.442,68
2,5,2014,0.006811,20,38,34,116.3,20,23.22,34,11.82,37
2,6,2014,0.004228,34,43.5,54,122.2,34,15.55,54,4.176,60
2,7,2014,0.003109,58,39,89,90.42,58,9.819,89,6.935,90
2,8,2014,0.005344,91,46,119,88.87,91,3.927,119,4.212,122
2,9,2014,0.008108,99,47,132,91.8,99,3.082,132,3.761,145
2,10,2014,0.01134,92,54,106,98.41,92,1.783,106,3.114,110
2,11,2014,0.01087,74,55,89,96.36,75,1.605,89,2.939,109
2,12,2014,0.01461,120,52,141,94.97,120,1.424,141,4.231,151
2,13,2014,0.02174,125,52,153,94.01,125,1.02,153,4.104,161
2,14,2014,0.02844,149,52.5,178,89.3,149,0.7689,178,3.134,188
2,15,2014,0.03456,138,52,159,92.97,139,0.7772,159,4.135,177
2,16,2014,0.03763,134,50,164,86.07,134,0.7953,164,4.25,181
2,17,2014,0.0366,156,50,197,81.08,156,1.092,197,4.246,206
2,18,2014,0.0477,164,49,197,79.98,164,0.6808,197,4.478,203
2,19,2014,0.06038,153,50,188,80.94,153,0.5862,188,3.76,205
2,20,2014,0.06634,186,47,218,78.4,186,0.9128,218,6.149,227
2,21,2014,0.07234,163,48,209,87.88,163,0.7238,209,4.529,220
2,22,2014,0.05529,155,49,182,82.29,155,0.6244,182,7.294,187
2,23,2014,0.03925,133,50,167,79.38,133,0.7512,167,4.228,182
3,0,2014,0.004821,66,31,123,105.6,66,17.24,123,4.904,145
3,1,2014,0.002785,58,29,101,69.58,58,15.73,101,6.512,114
3,2,2014,0.004733,45,35.5,82,95.32,45,20.09,82,10.18,88
3,3,2014,0.003268,43,40,68,103.7,43,21.79,68,11.93,72
3,4,2014,0.004261,31,44,57,124.5,31,20.9,57,5.757,62
3,5,2014,0.006299,36,43.5,66,114.7,36,23.85,66,20.07,70
3,6,2014,0.006355,40,47,59,123.9,40,22.56,59,4.572,73
3,7,2014,0.005745,43,45,81,112.7,43,22.59,81,4.417,92
3,8,2014,0.004641,53,42,109,111.5,53,14.97,109,3.918,118
3,9,2014,0.004749,68,40,147,109.5,68,15.05,147,3.136,158
3,10,2014,0.005481,68,39,142,124.8,68,14.8,141,4.131,151
3,11,2014,0.003485,90,39,167,98.52,90,14.88,167,5.233,175
3,12,2014,0.005077,79,44,137,127.6,79,12.93,136,3.562,137
3,13,2014,0.004425,65,40,143,107,65,13.84,143,2.452,154
3,14,2014,0.005371,75,42,141,107.2,75,14.37,141,3.882,156
3,15,2014,0.004047,67,40.5,134,115.4,67,10.68,134,3.135,135
3,16,2014,0.002798,81,40,174,102.5,81,12.62,174,3.823,203
3,17,2014,0.002327,82,35.5,168,111.9,82,12.88,168,3.623,175
3,18,2014,0.003262,80,36,159,121.8,80,14.04,159,6.059,159
3,19,2014,0.001417,93,38,207,103.1,93,12.98,207,4.125,209
3,20,2014,0.004398,116,42,228,129.1,116,11.25,228,3.968,236
3,21,2014,0.002293,110,20,197,102.6,110,13.52,197,5.923,203
3,22,2014,0.002294,108,15,214,98.4,108,14.02,214,6.298,224
3,23,2014,0.002316,91,17,181,103.2,91,14.27,181,5.99,199
4,0,2014,0.003481,75,39,125,103.5,75,19.26,125,7.183,128
4,1,2014,0.005558,58,40,105,102.9,58,20.36,105,7.877,112
4,2,2014,0.006235,38,39,76,106,38,17.36,76,4.645,71
4,3,2014,0.005879,34,39,62,104.3,34,18.94,62,11.2,64
4,4,2014,0.006808,33,49,49,126,33,20.12,49,4.791,55
4,5,2014,0.006215,45,43,74,121.6,45,19.54,74,13.31,73
4,6,2014,0.005606,38,43.5,64,103.6,38,21.93,64,11.8,64
4,7,2014,0.002671,49,38.5,80,88.41,49,21.36,80,8.878,80
4,8,2014,0.004637,54,40,101,110.4,54,14.07,101,3.076,104
4,9,2014,0.006459,62,45,117,106.8,62,18.12,117,4.658,119
4,10,2014,0.003048,75,42,137,105.5,75,14.22,137,4.923,138
4,11,2014,0.005257,82,42,152,110.5,82,14.78,152,3.157,162
4,12,2014,0.00532,98,42,157,105.2,98,14.92,157,3.696,173
4,13,2014,0.005258,79,40,136,98.07,79,19.75,136,4.07,134
4,14,2014,0.00379,76,42,144,103.9,76,12.78,144,3.972,154
4,15,2014,0.005938,61,38.5,122,110.5,61,15.94,122,4.114,126
4,16,2014,0.00561,78,43,142,112.4,78,10.91,142,4.084,152
4,17,2014,0.003858,61,30,149,71.76,61,16.04,149,4.209,167
4,18,2014,0.001998,93,15,180,92.39,93,12.5,180,5.684,199
4,19,2014,0.002552,113,42,217,104.5,113,7.447,217,3.841,236
4,20,2014,0.002608,120,41,221,96.53,120,14.99,221,4.645,223
4,21,2014,0.003662,99,39.5,214,113.2,99,14.3,214,5.503,222
4,22,2014,0.005785,93,33,197,108.3,93,14.22,197,5.561,221
4,23,2014,0.006045,73,40,160,109.6,73,11.9,160,3.711,174
5,0,2014,0.002076,54,15,125,102.8,54,21.51,125,11.65,134
5,1,2014,0.006905,43,35,82,122.4,43,17.38,82,3.889,91
5,2,2014,0.008543,30,43.5,56,67.38,30,13.03,56,3.807,62
5,3,2014,0.004312,38,40,81,130.3,38,18.26,81,3.673,86
5,4,2014,0.006479,24,37.5,56,111.8,24,16.56,56,5.238,56
5,5,2014,0.008715,28,44,59,102.6,28,14.84,59,2.185,63
5,6,2014,0.006442,37,42.5,58,128,37,16.2,58,3.085,61
5,7,2014,0.005993,41,44,83,120.7,41,12.78,83,8.163,80
5,8,2014,0.001812,76,40,124,105.2,76,14.63,124,3.93,123
5,9,2014,0.001793,82,41.5,160,91.47,82,14.62,160,2.482,171
5,10,2014,0.003231,69,37,153,104.5,69,13.21,153,2.838,184
5,11,2014,0.003392,69,44,126,97.67,69,12.84,126,1.786,126
5,12,2014,0.00453,66,43,140,98.37,66,10.34,140,2.421,146
5,13,2014,0.004266,85,41,154,96.69,85,14.75,154,4.141,167
5,14,2014,0.003629,101,41,179,89.89,101,12.49,179,2.57,176
5,15,2014,0.003349,71,39,134,95.38,71,11.61,134,2.764,144
5,16,2014,0.002216,102,42,181,103.2,102,11.8,181,4.497,201
5,17,2014,0.002067,86,38,166,118.4,86,10.56,166,3.411,163
5,18,2014,0.002128,96,37,211,107,96,13.68,211,4.008,226
5,19,2014,0.002694,109,40,215,137.5,109,8.301,215,2.371,220
5,20,2014,0.003981,124,39,240,105.5,126,12.98,240,3.495,244
5,21,2014,0.002022,150,15,268,95.42,150,11.37,268,4.128,278
5,22,2014,0.003482,94,40,237,118.4,94,8.553,237,3.216,250
5,23,2014,0.002849,66,35.5,164,126,66,15.77,164,3.852,183
6,0,2014,0.004238,58,40.5,126,112.4,58,15.27,126,5.754,136
6,1,2014,0.006304,50,46,98,110.5,50,18.16,98,5.269,100
6,2,2014,0.004837,23,44,48,104.8,23,20.21,48,13.05,56
6,3,2014,0.005524,24,44,58,106.4,24,13.86,58,4.686,67
6,4,2014,0.006147,29,50,58,109.2,29,14.32,58,4.588,66
6,5,2014,0.005735,26,44,60,114.4,26,15.27,60,4.441,65
6,6,2014,0.006743,33,46,68,93.96,33,7.413,68,2.846,70
6,7,2014,0.006394,40,44,81,107.5,40,15.36,81,4.024,89
6,8,2014,0.005374,47,43,81,107.9,47,17.3,81,3.907,83
6,9,2014,0.004142,63,42,97,102.9,63,16.5,97,4.01,105
6,10,2014,0.004447,47,40,80,93.99,47,15.56,80,9.779,89
6,11,2014,0.005225,64,47,113,127.8,64,6.18,113,1.973,119
6,12,2014,0.001053,45,43,110,74.49,45,11.68,110,2.822,117
6,13,2014,0.004912,61,42,117,102.3,61,15.08,117,4.062,122
6,14,2014,0.002775,68,40,123,82.4,68,13.93,123,4.047,141
6,15,2014,0.004142,72,41.5,136,116.8,72,12.16,136,4.019,138
6,16,2014,0.005906,74,43,118,102,74,12.73,118,5.177,130
6,17,2014,0.003411,60,43,115,105.8,60,16.96,115,8.875,115
6,18,2014,0.001982,65,42,104,106.4,65,13.62,104,4.622,106
6,19,2014,0.002433,86,44,158,118.1,86,13.62,158,3.935,169
6,20,2014,0.003816,83,44,146,90.5,83,12.31,146,4.12,156
6,21,2014,0.003341,105,46,178,118.9,105,14.23,178,4.06,188
6,22,2014,0.0032,104,43,191,103.2,104,11.04,191,3.425,226
6,23,2014,0.004768,66,45,138,124.2,66,9.881,138,1.228,166
7,0,2014,0.001985,71,39,140,101.7,71,14.77,140,6.427,158
7,1,2014,0.005624,63,43,109,122.3,63,13.57,109,3.978,127
7,2,2014,0.005358,36,43.5,68,102.1,36,19.84,68,4.021,86
7,3,2014,0.0032,49,40,78,83.31,49,18.37,78,9.875,87
7,4,2014,0.005532,45,44,75,111.4,45,20.33,75,11.74,77
7,5,2014,0.005969,37,48,63,116,37,18.69,63,6.317,68
7,6,2014,0.00611,63,47,83,113,63,11.44,83,5.475,86
7,7,2014,0.006258,73,43.5,110,107.7,73,17.88,110,5.977,127
7,8,2014,0.002035,84,41,130,89.43,84,14.88,130,5.701,146
7,9,2014,0.004821,70,43,126,108.5,70,16.06,126,2.353,146
7,10,2014,0.00572,77,44,145,103.9,77,14.44,145,4.546,152
7,11,2014,0.005236,92,46,147,125.5,92,11.06,147,3.906,149
7,12,2014,0.003845,89,41,167,110.9,89,12.97,167,4.52,172
7,13,2014,0.002059,91,44,159,112.6,91,12.19,159,3.952,178
7,14,2014,0.003812,110,42,185,117.6,110,12.17,185,4.367,192
7,15,2014,0.004542,101,44,189,98.77,101,10.36,189,3.903,205
7,16,2014,0.004675,94,47,156,109.1,94,13.43,156,4.595,163
7,17,2014,0.003491,114,44,192,96,114,14.27,192,5.491,202
7,18,2014,0.001729,117,42,194,102.6,117,15.87,194,9.203,201
7,19,2014,0.003625,145,45,221,111.1,145,12.79,221,4.336,231
7,20,2014,0.003323,138,41,222,107.8,138,13.75,222,4.806,229
7,21,2014,0.004129,130,43,222,100.7,130,13.26,222,4.555,245
7,22,2014,0.004539,118,40,209,104.4,118,14.69,209,6.333,233
7,23,2014,0.002978,101,41,189,108,102,13.2,189,5.574,196
8,0,2014,0.005847,75,43,126,97.6,75,11.91,126,3.827,154
8,1,2014,0.004643,58,44.5,92,118.7,58,12.6,92,3.732,111
8,2,2014,0.005812,39,45,82,119.1,39,12.37,82,3.825,97
8,3,2014,0.005518,34,45,69,123.2,34,10.96,69,2.898,84
8,4,2014,0.006037,37,56.5,66,124.1,37,9.201,66,1.419,91
8,5,2014,0.005307,48,48,65,118.8,48,18.62,65,9.212,77
8,6,2014,0.006227,35,47,61,122.8,35,15.14,61,3.632,70
8,7,2014,0.004535,52,46,81,120.8,52,20.21,81,3.819,95
8,8,2014,0.005655,67,46,112,106.6,67,19.39,112,3.827,124
8,9,2014,0.004059,73,45,128,102.3,73,16.15,128,3.525,142
8,10,2014,0.003941,92,43,147,107.7,92,16,147,4.342,168
8,11,2014,0.005791,78,47.5,114,119.4,78,10.33,114,3.98,127
8,12,2014,0.005273,87,45,146,109.9,87,12.89,146,4.023,157
8,13,2014,0.005455,60,44,106,112.1,60,17.11,106,4.454,126
8,14,2014,0.004452,102,43,163,90.36,102,14.81,163,4.261,185
8,15,2014,0.003409,107,46,177,100.3,107,16.29,177,4.486,199
8,16,2014,0.003422,87,44,160,88.67,87,12.8,160,4.497,179
8,17,2014,0.004918,96,43,171,105.9,96,14,171,4.411,186
8,18,2014,0.00333,135,40,200,99.19,135,10.9,200,3.431,215
8,19,2014,0.002699,117,45.5,180,104.2,117,11.86,180,4.489,189
8,20,2014,0.002697,127,44,212,102.1,127,11.87,212,3.588,233
8,21,2014,0.004107,139,44,204,86.98,139,15.07,204,4.233,237
8,22,2014,0.002417,102,45,161,102.6,102,16.62,161,8.023,181
8,23,2014,0.005679,72,44,145,106.9,72,12.56,145,4.503,170
